,Í∏ÄÎ¶¨ÏÖú ÎØ∏Ï????¥Î†åÏß??åÌÑ∞,?µÏø® ?òÎìú ?Ä?òÎ¨¥ ?∏Îüº,?ëÌÅ¨?∞Ïπò ?¨Ïù∏???§ÏóÖ ?¨Î¶º,Î¶¨Ï?Î∏åÎÑ§?¥ÏÖò ?åÎ†àÍ≤????ÄÏª§Î≤Ñ Í≥®Îìú ?êÏñ¥Ïø†ÏÖò,ÎπÑÏó†ÎπÑÏΩî ??9?∏Î∏î Í≥®Îìú?∏Îüº,?∞ÏùºÎ¶??ÑÏù¥ÎßàÏä§???•Î????¥Ìîº???∏Îü¨Î∏îÌÇ§??MINI AUDREY(ÎØ∏Îãà?§ÎìúÎ¶?,Kate Shirt Dress_pink+violet,Jessica Shirt Dress_pink,Î¶ΩÏ??¥Ï? Ïß?711 ?ÑÏãú???§ÌÇ§???µÌÅ¥ Ïø®ÏßÑ,?êÌÜµ ?†Í?,?åÌÇπ?¥Îûò??Î¶¨Î??∞Îìú Îß??¥Îüº???§Ìã± Í∑ÄÍ±∏Ïù¥,Î¶¨ÌîÑ?êÏàò ?§Ìä∏?ºÏù¥?ÑÏÖîÏ∏?Î∏îÎûô ?®ÏÉâ ?ºÏûê?èÌå¨Ï∏?Î∏îÎûô Î≤®Ìã∞?úÏû•???∏ÌòºÎ∞?Í∏¥Ìåî?êÏºì,?Ä?¥Îìú Ïπ¥Îùº ?àÏù¥??Î∏îÎùº?∞Ïä§,lennox leather crossbody bag,?∏ÌÖê??Î∏åÎùº?¥Ìä∏???òÏù¥?úÎ†à?¥Ìä∏ ?êÏÑº??ÎØ∏Ïä§??NS-005RWR-BR,?¨ÌîåÏπ¥ÎùºÎ∏îÎùº?∞Ïä§,?§Ïö¥ ?§Ïõ®???ÑÎîî P/O ?§Ïö¥ ?¨ÌÇ∑ ?çÏä§?Ä??Í∑∏Î¶∞,PLANTPACK,ÏΩîÏñ¥??Í≥†Îûò Îß®Ìà¨Îß?WHITE,Î•?Ïø†ÏÖò ?âÎÅÑÎ•¥Îìú ÎΩÄ 14g,?úÏä§?úÎçî ?àÏù¥?¥Îìú ?∞Îãò ?êÌîº??Oversized hoodie zip up jumper,Knit logo track pant,Oversized print summer t-shirt,?®ÏÑ±?îÎ∏î?∏Î†åÏπòÏΩî??THHI903_ER14,?§Ïª§??PSM39S2,?êÏºì PKM39K2,???∏Îì§,Luna Disco Cross Bag Ecru Beige,?¥Îûò????Í∞Ä?îÍ±¥,?åÎß§Î≥ºÎ•® Î¶¨Î≥∏ ?êÌîº??,CLOUD Crystal Covered Clutch Bag,LEONIS Silver Metallic Nappa Leather Clutch Bag,[Holiday Edition] Mesh Star See-through Blouse,UGLY SNEAKER AD_IVORY,?ÑÎ†åÏπ??Ä???¨Ï∏†,Vertical space sweatshirt _ beige,ÎßàÏö∞?§Î? CLOUDY COLOR CREWNECK (P.PURPLE)?¨Î†§Î≥¥ÏÑ∏?? CLOUDY COLOR CREWNECK (P.PURPLE),?åÎ°úÎ¶¨Îã§,Curien,Mixed Stripe ?úÎãâ?îÏ∏† Îß®Ìà¨Îß?Ï≤¥ÌÅ¨?®ÌÑ¥ ?∏Î??§Î≤Ñ??ÏΩîÌä∏,?®Ïó¨Í≥µÏö© ?∞Ïù¥?†ÎÇò DMX Î≤°ÌÑ∞,?§Ïò§?åÎ¶¨ ?àÍ∞ú?§Ïõª?îÏ∏†,19SS BONITA ?úÎ°ú?§Ìä∏ÎßÅÎ∞±,Í≤åÏù∏ Î≤ÑÌäº?§Ïö¥ ÎßàÌÅ¨?ºÎ©î ?àÏù¥??Î∏îÎùº?∞Ïä§,?¨ÏÑ† Ï≤¥ÌÅ¨ ÎØ∏Îãà ?§Ïª§??Isis,?êÏñ¥Î°úÎπå Ï∫?Î∏åÎ¶¨?∞Ïâ¨ Ï≤¥ÌÅ¨ ?åÎ¶¨Ï∏??§Ïª§??Î∏åÎ¶¨?∞Ïâ¨ Ï≤¥ÌÅ¨ ?åÏùº?¨Îìú ?êÏºì,?∏ÌÖê??Î∏åÎùº?¥Ìä∏???òÏù¥?úÎ†à?¥Ìä∏ ?†ÎÑà,bonnie rolling hoop earring,Î£®ÎπÑ ?¥Îûò???†Ìä∏Î∞?RUSSEL HOODIE BLACK/WHITE,PULLOVER HOODED - OXFORD GRAY,?òÌä∏?§Ìä∏?ºÏù¥?ÑÏÖîÏ∏??ÑÏ†úÎ¶??∏ÌÖê??Î∏åÎùº?¥Ìä∏???òÏù¥?úÎ†à?¥Ìä∏ ÎßàÏä§??,?àÌÑ∞Îß??êÏàò Ï≤¥ÌÅ¨?êÏºì,?àÎ°ú??Î©îÏù¥???¥ÎìúÎ∞¥Ïä§???ÑÎ¶Ñ Î∏îÎûô/Î∏åÎùº??ÎßàÏä§Ïπ¥Îùº,?ëÏä§?ºÌä∏ Ïª¨Îü¨ Î¶¨Ïñº ??Î≤®Î≤≥ ?∏Ìä∏ ,?òÏÜå??ÎØ∏Ïä§??Î≤®ÎùºÏª¨Î†â???Ä?ÑÏö∞ ?îÎ†à??,???ôÏÖò Ïª§Î≤Ñ Ïø†ÏÖò,LUGLY,?†Îãà?πÏä§??Î∏îÎûô,?†Îãà?πÏä§???∞Ïøº?ÑÏù¥Ï¶?Sneakers[?®Î?Í≥µÏö©]_LUGLY RK660AW,?¨ÏÑ± ?¨Ìè∞ Ï≤¥ÌÅ¨ Î∏îÎùº?∞Ïä§,Î¨¥Îìú ?ºÏù∏ ?§Ìä∏??Î∏îÎùº?∞Ïä§,?∏Ïò§?ÄÍ∞úÎÇòÎ¶?- ops,?®Ïù¥???§Î≤Ñ?¨Ïù¥Ï¶?Î∞îÏù¥Ïª??§Ìä∏?ºÏù¥???®ÌÑ¥ ?òÌä∏,?ÑÏ¶à?∏Î†â ?îÎ∏î 93 ,?ºÏù∏ ?¨Ïù∏???∞ÏÖîÏ∏??îÎ¶¨???îÎ∏î Î∏åÎ†à?§Ìã∞???¨ÌÇ∑,POLIANY,?ÑÌåê ÍΩÉÏûê??V???àÌä∏Î≤†Ïä§???åÎùº???®ÌÑ¥ Î∏îÎùº?∞Ïä§,J192MSE027,?¨ÏÑ± ?ùÏ? Î°úÏö∞ ?∞Îãò,?îÎ¶¨???¨Ïºì ?®Î¶¨???îÏ∏†,1?ÑÏßÅ?êÏàò Î≥ºÏ∫°,ÎØ∏ÎãàÎ©Ä ?¨Î¶º ?òÌä∏ ?¨Ï∏†,ÎØ∏ÎãàÎ©Ä ?¨Î¶º ?òÌä∏ ?¨ÌÇ∑,?ºÏûê?èÎ°§?ÖÏ≤≠Î∞îÏ?,?ºÏù∏ Î∞∞ÏÉâ ?îÏ∏†,Î∏îÎ°ù Î∞∞ÏÉâ ?∞ÏÖîÏ∏?Leaf DNA Drop Pearl Gene Earring(MANI E PIEDI),FRILL COLLAR KNIT PULLOVER LIGHT BLUE,?¨ÏÑ± ?§ÎàÑ?ºÏΩú?ºÎ≥¥ ?∞Îãò?∏Îü¨Ïª§ÏûêÏº?V643 WRINKLE OVERSIZE SINGLE JACKET_BEIGE,?àÏù¥??A?ºÏù∏ Î∞òÎ∞îÏßÄ,?îÎ∏îÎ≤ÑÌäº ?àÏù¥???êÏºì,?§Ìä∏?ºÏù¥???åÎ†à???îÏ∏† ?úÎ†à???¥Îûò?ùÏª¨?âÏÖò - Î∞±Ìå© Î∏îÎûô,Ïπ¥ÎùºÎ∞∞ÏÉâ 151?∏ÏúÑ?úÏõê?ºÏä§,Toque tote Satchel L,Eddie skirts,Stitch detailed puff sleeve blouse,18FW CITTA ?†Ìä∏Î∞?ROUND DROP RING-B,black dot E,LRJKJD0500-BL1,?êÏàò ?§Ìä∏?ºÏù¥???∞ÏÖîÏ∏?, FC-200MC14,ÍπêÎäêÎ°úÏ†ú ÎØ∏Îãà?¨Ï≤ºÎ∞?C de Cartier leather small tote,back pleated A-line skirt (beige),overlay panel shirt (beige),EPIC Î∞òÏ†ÑÏΩîÌä∏,bent hoop earring,?úÍ∑∏?ÑÎ¶¨???§ÌÅ¨ ??Piola(?ºÏò¨?? Tote,Amuse Skirt,Amuse Jacket,Silver Oval Twist Hoop,Î°úÏï† Î¶¨Î≥∏?Ä??Î∏îÎùº?∞Ïä§,LA?§Ï???Í∑∏Îùº?∞Ïù¥??Î≥ºÏ∫°,?®ÏÑ± ÏßÄ???•Ïãù ?ºÏù¥?îÏ†ê??La Perla Necklace,Nuovo Heart U Choker,Eclipse 2 Way Drop Earrings ,K1315,DUKE TRACK 01 G,Ïª∑Ïñ¥?®Ïù¥ ÏπºÎùº ?ÑÎ†à?úÌéòÎ¶¨ÌîºÏºÄ ?îÏ∏†,Î¶¨Îãà???îÎ°ú ?§ÌÑ∞???§Ïù¥?ÑÎ™¨??Í∑ÄÍ±∏Ïù¥,Libya(Î¶¨ÎπÑ?? Tote S,?∏Ïä§?åÏù¥?¥ÎßÅ,?òÌä∏ ?êÏàò Í∞Ä?îÍ±¥,?¨ÌÜ§ ?§Ìã∞Ïπ??Ä?¥Îìú ?¨Ï∏†,?®Ïù¥?§Ìä∏ ?§Ìä∏ ?¨ÌÇ∑,YUE4054,MB1297,YUE3947,GNS108,YUE4072,JM2831,Ïπ¥ÎèÑ???¨Î¶º?êÏºì,MILAN 918 WSHD,ER025 ,?êÎ¶¨??69?ºÏπò/25???ºÌîå,NC02 Î™®Îçò?úÎ¶º,T2N651,S/S FLAX ?§Ìä∏?ºÏù¥???ïÏû•,2019 Pocket Hoodie - Pink,Î™®Îçò ?†Î∏åÎ°úÎçîÎ¶??∞ÏÖîÏ∏?LITE-BOXÏ∫êÎ¶¨??5/20 DEEP RED,MEN'S RUNNING  ?∏Ìä∏?ºÎ??§Ìä∏,?êÏñ¥ Ï°∞Îçò1 ?òÏù¥ Not For Resale,MEN'S ORIGINALS  ?àÌçº?§Ì? ?∏Îûô?¨Ï∏†,ÏΩúÎùºÎ≥??êÌîº???úÎùº?¥Ìä∏3 Î£®Ìîº,?òÌä∏???¨Ìîå ?§ÌÅ¨ Î∏îÎùº?∞Ïä§,LOCATION LOGO CREWNECK IS [INDIGO PINK],Campcap Mosaic,?ÑÎ°ú??ÏΩúÎùºÍ≤??åÎ£®?¥Îìú Ïª®ÏÑº?∏Î†à?¥Ìä∏,Î≥¥Îçî ÎØπÏä§ Î°±Î∏î?ºÏö∞????Î™∏ÏùÑ Î∂Ä?ÅÌï¥ ?§Ïù¥?¥Ìä∏ Î≥¥Ï°∞??MEN_I HAVE OOD MTM (NEON YELLOW),Î¶¨Î∞î?¥Î∏å ?åÎùº???îÏóê???†ÎÑà,Î¶¨Î∞î?¥Î∏å ?åÎùº???îÏóê???¨Î¶º,Î¶¨Î∞î?¥Î∏å ?åÎùº???êÏù¥???¥Î†å?Ä,STRIPED SWEATER ECRU,Î°±Îã§Î¶¨Î?Î∂Ä?ÅÌï¥ - slacks.pt ,Lottie Leather(134),?êÎ≤Ñ???åÏùº?¨Îìú ?êÏºì,Shape Onepiece(YELLOW CHECK),Murmuring wave dress - Forsythia,BRILLIANCE BAGUETTE & ROUND HOOP EARRINGS,Î≤†Ïù¥ÏßÄ Í∞ÄÏ£??ºÏö¥???¨Î°ú?§Î∞±,Mioello Earring,19SSJK05 GRAY,NOMANTIC BASIC LOGO T-SHIRTS MUSTARD 2019VER,COTTON TWILL JACKET [BEIGE],?àÎ°ú?∏Î©î?¥ÌÅ¨ ÎßàÏù¥?¨Î°úÎßàÏä§Ïπ¥Îùº ?¥ÎìúÎ∞¥Ïä§???ÑÎ¶Ñ,?§Ï????ÑÎ¶∞???ÄÏßÄ?¨Ï∏†,?§Ï????ÑÎ¶∞??Í≤ΩÎüâ ?¨ÌÇ∑,UV ?§Ïùº?ÑÎ¶¨ ?†ÌÅ¨Î¶?70g (SPF50+),WL#14 BLUE V-NECK NARROW COLLAR SHIRT,?§Ïù¥Îπ??§Ìä∏?ºÏù¥??v???∏ÏûÑ ?îÏ∏†,ROY,?ºÌîå ?äStripeÏºÄÎØ∏„Ä??êÎ≥¥?îÌà¨Îß?Din??col.1,Í∑∏Î†à???îÏ∏†???åÎß§ ?†ÎÑ• ?ºÏö¥??Îß®Ìà¨Îß??∞ÏÖîÏ∏??•ÌÑ∞Î≤ÑÎ∏î DB7 ?ÑÏö© ?∞Ìîå 1set (4Î≥?,?àÏù¥????Î∏îÎ°ù ?úÎ†à??Î≤ÑÎ∏î?∏ÏïàÍ∏??•ÌÑ∞Î≤ÑÎ∏î DB7,Ï¥àÌÅ¨ ?§Ìä∏?ºÏù¥???òÌä∏,LEJ Î¶¨Ïù¥???∏Îü¨Ïª??êÏºì,?§ÌÅ¨ Î∏åÎùº??Í∞ÄÏ£ΩÎ∞∞???¥Îûò??Î∞±Ìå©,FEF2-A-0701,?¨ÏÑ± ?ÄÎπÑÏ? Î≥¥Ïù¥?ÑÎ†å??Ïß?SIGNATURE ,WHITE YOUTH SWEATSHIRT,Î¶∞ÎÑ® Í∏Ä?åÏ≤¥???¨Ï∏†,?∏Ïπº???§Ïò®???àÌä∏ Í∞Ä?îÍ±¥,Í∞ÄÎ®ºÌä∏ ?§Ïûâ ÏΩîÌäº ?àÌä∏,?§Ìä∏?ºÏù¥??Í∏¥Ìåî?∞ÏÖîÏ∏?- ?§Ïù¥Îπ??ºÏù¥???åÏã± Îß•ÏΩî???ÑÎìú?àÎ?Ï∞©Îãà??CAILLOU,?∞ÏùºÎ¶??ÑÏù¥ÎßàÏä§??Ïπ¥Î™®ÎßàÏùº??seersucker zip-up jumper,?àÎ∏å,block collar t-shirt,COWERN Î∞±Ìå© M BLACK,LUGGAGE LEATHER/GOLD-TONE,Hoop E,MAGAZINE Bag ,Î≤†Î¶¨Ï≤¥ÌÅ¨ ?åÎ¶¨Ï∏??§Ïª§??Î≤†Î¶¨Ï≤¥ÌÅ¨ ?åÏùº?¨Îìú ?êÏºì,b3-black,SPRING SUIT,Kalinaa Wonderland Knit Bodice Dress,OVERSIZE LACE-UP COAT,Sneakers[?®Î?Í≥µÏö©]_RONEENY RKn720,P191MSE011 NY,P1335,Pyrrha(?ºÎùº) Cross,S0222,?òÌÉàÎ¶??†Ìä∏Î∞??§Î™∞,DG4DX19009WHT - ?îÏñ¥Î¨?Î∞∏ÌÅ¨Î°?Dearmoon sneakers(white),[RAF SIMONS]RS POSTER PADDED,Î≤†Ïù¥Ïß??åÎû© ?¨Ïºì ?òÌä∏,Hightop Tilde Blue Stellar 112817,T ?¥Îûò??Îß§Ïπò Í∞ÄÏ£?Ïª¨Î†â??- ?ºÏö¥?úÌÉë ?§Î™∞ Î∞±Ìå©,Î©îÌä∏Î°úÏª¨?âÏÖò-Î∞±Ìå© ?§Î†åÏßÄ?êÎ°ú??Î¥??¨Î¶Ñ ÏΩîÌäº ?òÍ????ºÏö¥?úÎÑ• ?àÌä∏ ?§Ïπ¥?¥Î∏îÎ£?(?ÑÎ†à?úÌïú Ï¥âÍ∞ê),?çÏä§Ï≥êÎìú ?¨Î£®???àÌä∏ ?¨Î¶¨Î∏?Í∑∏Î¶∞,Floral detail cotton shirt,Î∏îÎ£®???äÎ??∞Ïª¨?¨Ï≤¥?¨„Ä??§Î≤Ñ?îÏ∏†,?§Ìä∏?ºÏù¥??Î∞∞ÏÉâ ?∏ÏûÑ ?îÌÖå???§Ïª§???ÑÏù¥Î≥¥Î¶¨ Î∏îÎßÅ ?ºÏ? ?¨Ï≤ºÎ∞?Jenne sling back(black),?ÑÎìú Ï≤¥ÌÅ¨ Î£®Ï¶à?èÏûêÏº?UNISEX BLACK LOGO BALL CAP,Marie pumps(black),?åÎùº?¥Ïä§ Î∏îÎùº?∞Ïä§,casual blouson jumper,?®ÏÑ±??Î©?2??Î∞∞Í∏∞ Ïπ¥Í≥† ?¨Ï∏† Î∞îÏ? ,Î¶øÏ? ?òÏù¥?ºÏù¥??P191MSI003 BK,?®ÏÑ±??16???åÎ¶¨Î∞∞ÏÉâ R???∞ÏÖîÏ∏?,?®Îç∏Î¶¨Ïò® ?∏Ïúô???òÏù¥?ºÏù¥???∞ÎπÑ?∏Ìä∏ ?ºÏù¥???åÏö∞???òÎ¨º Î£®Î??àÏä§ Î©Ä???òÏù¥?ºÏù¥??8g,?àÌçº ?ºÌÅ¨ ÏπòÌÅ¨ ?òÏù¥?ºÏù¥???∞Ïπò Î®∏Îãà,Í∏ÄÎ°úÏö∞ ?åÎ°ú???òÏù¥?ºÏù¥???àÌÑ∞Îß?Ïª¨Îü¨ ?∞ÏÖîÏ∏?Highlighter BEIGE,Î©îÎ¶¨ Î£®Î®∏?òÏù¥?Ä,Î∏îÎûô ??Î∏îÎ†å??Î≤®Ìã∞???¨Ïù∏???∏Î??§Î≤Ñ??Î°±ÎçîÎ∏??∏Î†åÏπòÏΩî??Î©îÍ?Í∏ÄÎ°??òÏù¥?ºÏù¥???åÏö∞???¨Î∏åÎπ?Í∏ÄÎ°úÏö∞(?òÏù¥?ºÏù¥??,?òÏù¥?ºÏù¥???åÏö∞??Îß§ÏßÅ Ïª®Ìà¨?¥ÎßÅ ?òÏù¥?ºÏù¥??ET666SK,?ÑÎ¶¨Ï¶??êÏñ¥ ?òÏù¥?ºÏù¥??(1??Í≥®Îìú ?¨Ïñ¥),?¨Î®∏Îß??§ÌÇ® ?ºÌéô???ÑÎ†à?§Îìú ?òÏù¥?ºÏù¥??Î≤†Ïù¥Ïß??¨Î£®???àÌä∏,?òÏù¥?ºÏù¥??Î≤†Î≤ÑÎ¶??êÏ¶à,?ÑÎ™®Î•¥ÎìúÎ°?Îß§Ìä∏?òÎîî?∏Ïä§ Î≤†Ïù¥?¨Îìú ?àÌã¥?òÏù¥?ºÏù¥??Swirl Illuminator Diamond Dust,Ïπ¥Î©úÎ¶¨ÏïÑ ?¨Î°ú??Î∞îÎîî ?§Î™∞,?ëÌÅ¨ ?§ÌÄòÏñ¥ ?Ä???òÏù¥?ºÏù¥??ÎøåÎìúÎ•?Î§ºÎ??êÎ•¥ Í∏Ä?ºÏéÑ,2019 SS LFS11209 SLIMFIT,?òÎ????àÏù¥??Î°??êÌîº??Î™®ÌòºÎ∞?Î≤®Ìã∞???¨Î¶ø Î°?Í∞Ä?îÍ±¥,Íæ∏Îõ∞Î•??òÏù¥?ºÏù¥??Logo t-shirt antique brown,?àÎçî Ïπ¥Ïö∞Î≥¥Ïù¥ Î∂ÄÏ∏??§Ïù¥?ÑÎ™¨???ºÏù¥???òÏù¥?ºÏù¥??Blue Bl Konst Denim Mid Pass Jacket,Sheer Highlighting Duo,Î£®Î??àÏä§ ?¨Ïã†Í¥ëÏ±Ñ ?§Î°ú?ºÏù¥??BOSTON Î°úÏ¶à PINK,Î∞îÏù¥Î°úÎåï ?òÏù¥?ºÏù¥??11g,Î∏îÎ¶¨?ÑÎ¶¨ÎØ∏ÏóÑ ?àÏù¥?§Î°±?úÎ†à???§Î∏ê?????òÏù¥?ºÏù¥???§Ìì∞?∞Ïä§ 10g,Î©îÌÖå?§Î¶¨???ÄÎ°úÍ∑∏?òÌîΩ ?åÏö∞??9g (?§ÌîÑÎß?Ïª¨Î†â??,?∏Ïπ¥??Î¶∞ÎÑ® ?êÏºì ,Î¶∞ÎÑ® Ï≤¥ÌÅ¨ ?∏Ïπ¥??ÏΩîÌä∏,?àÌã¥ ?òÏù¥?ºÏù¥???¥ÌÉà?ÑÎ¶¨Ï¶?Highlighting Powder - Pink Glow,The Boyfriend,?ÑÎ¶¥ ?åÎß§ ?∞ÏÖîÏ∏?karolyn fantasia pleated midi dress,?ºÎèÖ ?ÑÎ¶∞??Î∞òÌåî ?∞ÏÖîÏ∏?Viva Perla Earring(14K),Lifelong Bow Í∑ÄÍ±∏Ïù¥,J192MSE039 FL1 ,?∞Ïù¥ Ïª¥Ìå©???¥Îìú ?êÏºì,?åÎû´Ïπ¥Îùº ?åÎß§?¨Ìîå ?àÏù¥???êÌîº??Î∞∞ÏÉâ ?îÏ∏† ?êÌîº???êÏºì??Í∞Ä?îÍ±¥,?¨Î¶ø ?¨Ïù∏??Î≤†Ïù¥Ïß??¨Îûô??Î≤†Ïù¥Ïß??êÎ≤Ñ???êÏºì,?†ÌÉàÎ™®ÏÖò Ï§ÑÎ¶¨ ?¨Î¶Ω??Wide pocket pants ivory,OVERSIZED STRIPE TAIL SHIRT,BEAST,PRETTY ROMPER(?ÑÎ¶¨??Î°¨Ìçº)03,?§Ìä∏?ºÏù¥???àÌä∏,BLACK SILK SLIM-LEG PANTS,BLACK SLIM LINE DOUBLE TUXEDO JACKET,[Drama Signature] Slim Bootcut Trousers_2colors,[Drama Signature] Slit Cuffs Tailored Blazer_CAMEL,?§Ì?Ï∞©Ïö© Î∞îÏ? HAS29K7,?§Ì?Ï∞©Ïö© ?êÏºì HKS29K7,Î©úÎ°ú?îÎ∞±,SCOPE ,Î©úÎ•¥???Ä?±Î∏î?ºÏö∞???ºÍ∑∏Î¶??∏ÏúÑ?úÏûêÏº??§ÎπÑÎ°??êÏàò?êÏºì,Î∂ÑÏúÑÍ∏∞ÏóÖ ?§ÌÇ§?àÏßÑ,?§Ïö¥??WR ?ÑÎîî ?êÏºì,CM878TCA / NBPD9S407W,?§Ïù¥?ÑÎ™¨??Î©îÏâ¨ ?∏Îûô ?úÌä∏Ï∫??¨Ïù¥Î≤?Í∑∏Î¶∞,19SS SP-INTL. Logo Hooded Sweatshirt - White,[?®Ïó¨Í≥µÏö©]19SS?†ÏÉÅ??Í∏∞Îä•??Î™ΩÎ≤® ?ÑÌÅ¨Î°?WICRON) ?ºÏö¥???∞ÏÖîÏ∏???,B.B CAP[ORANGE],UNI ?∏Îûô?¥ÎüΩ ?úÏóÖ?êÏºì_40,UNI ?∏Îûô?¥ÎüΩ ?úÏóÖ?êÏºì,UNI ?∏Îûô?¥ÎüΩ ?úÏóÖ?êÏºì_25,ÏΩîÌäº 6P Î≥ºÏ∫°,?êÏñ¥ Îß•Ïä§97 ?úÏö∏ ,UNI ?§Î™∞Î°úÍ≥† Îß®Ìà¨Îß?15,UNI ?§Î™∞Î°úÍ≥† Îß®Ìà¨Îß?19,uni ?§Î™∞Î°úÍ≥† Îß®Ìà¨Îß?30,,,,,,,,,,,,,,,,,,,,,,,,,,,,,,,,,,,,,,,,,,,,,,,,,,,,,,,,,,,,,,,,,,,,,,,,
0,0,0,19.35483,0,0,0,0,0,0,0,0,0,0,47.36842,0,0,0,0,0,0,0,0,0,0,0,0,0,0,0,0,0,0,0,0,0,0,50.90909,0,0,0,0,0,0,0,0,0,0,59.45945,0,0,0,0,0,0,0,0,35.61643,0,0,0,0,0,0,0,0,0,0,0,0,0,35.88235,0,0,0,0,0,0,0,0,0,0,0,0,0,0,0,0,47.05882,0,0,0,0,0,0,0,0,0,0,0,0,0,0,0,0,0,0,0,0,0,0,0,0,0,0,0,75,0,0,0,0,0,0,0,0,0,0,0,0,0,0,0,0,0,0,0,0,0,45.45454,0,0,0,0,0,0,0,0,0,0,0,0,0,0,0,0,0,0,0,0,0,0,0,0,0,0,0,0,0,0,0,0,0,0,0,0,0,0,0,0,0,0,0,0,0,0,0,0,0,0,0,100,0,0,0,0,0,0,0,0,0,0,0,40.32951,0,0,0,0,0,0,0,66.66666,0,0,52.04081,0,0,0,0,0,0,0,0,0,0,0,0,0,0,0,0,0,0,0,0,0,0,0,0,0,0,0,0,0,0,0,0,0,0,0,0,14.32038,0,0,0,0,0,0,0,0,0,0,0,0,0,0,0,0,0,0,0,0,0,0,0,0,0,0,0,0,0,0,0,0,0,0,0,0,0,0,0,0,0,5.39419,0,0,0,0,30,0,0,0,0,0,0,0,0,70.96774,0,0,0,0,0,75.73221,0,100,0,0,0,0,0,0,0,82.81461,0,0,0,0,0,0,0,0,0,0,0,100,0,0,89.47368,0,0,0
1,0,0,0,26.08695,0,0,0,0,0,0,0,77.77777,0,50,0,0,0,0,0,0,0,0,0,66.66666,0,42.85714,0,0,0,0,0,0,0,0,0,0,58.18181,0,0,0,0,0,0,0,0,0,0,55.50935,0,0,0,0,0,0,0,0,28.76712,0,0,0,0,0,0,0,0,0,0,0,0,0,32.94117,0,0,0,0,0,0,0,0,0,0,0,0,0,0,0,0,29.41176,0,0,0,0,0,0,0,0,0,0,0,0,0,0,0,0,0,0,0,0,0,0,0,0,0,0,0,0,0,0,0,0,0,0,0,0,0,0,0,0,0,0,0,0,0,0,0,0,0,0,0,0,0,0,0,0,0,0,0,0,0,0,0,0,0,0,0,0,0,0,0,0,0,0,0,0,0,0,0,0,0,0,0,0,0,0,0,0,0,0,0,0,0,0,0,0,0,0,0,0,0,79.72972,0,0,0,0,0,0,0,0,0,0,0,82.52148,0,0,0,0,0,0,0,93.33333,0,0,52.55102,0,0,0,0,0,0,0,0,0,0,0,0,0,0,0,0,0,0,0,0,0,0,0,0,0,0,0,0,0,0,0,0,0,0,0,0,18.4466,0,0,0,0,0,0,0,0,0,0,0,0,0,0,0,0,0,0,0,0,0,0,0,0,0,0,0,86.66666,0,0,0,0,0,0,0,0,0,0,0,0,0,4.56431,0,0,0,0,25,0,0,0,0,0,0,0,0,64.51612,0,0,0,0,0,71.54811,0,64.92537,0,0,0,0,0,0,0,98.24086,0,0,0,0,0,0,0,0,0,0,0,64.70588,0,0,37.89473,0,0,0
2,0,0,35.48387,0,0,0,0,0,0,0,0,0,0,34.21052,0,0,0,0,0,0,0,0,0,77.77777,0,0,0,0,0,0,0,0,0,0,0,0,49.0909,0,0,0,0,0,0,0,0,0,0,57.38045,0,0,0,0,0,0,0,0,35.15981,0,0,0,0,0,0,0,0,0,0,0,0,0,32.94117,0,0,0,0,0,0,0,0,0,0,0,0,0,0,0,0,47.05882,0,0,0,0,0,0,0,0,0,0,0,0,0,0,0,0,0,0,0,0,0,0,0,0,0,0,0,62.5,0,0,0,0,0,0,0,0,0,0,0,0,0,0,0,0,0,0,0,0,0,0,0,0,0,0,0,0,0,0,0,0,0,0,0,0,0,0,0,0,0,0,0,0,0,0,0,0,0,0,0,0,0,0,0,0,0,0,0,0,0,0,0,0,0,0,0,0,0,0,0,0,0,64.86486,0,0,0,0,0,0,0,0,0,0,0,100,0,0,0,0,0,0,0,56.66666,0,0,45.91836,0,0,0,0,0,0,0,0,0,0,0,0,0,0,0,0,0,0,0,0,0,0,0,0,0,0,0,0,0,0,0,0,0,0,0,0,14.5631,0,0,0,0,0,0,0,0,0,0,0,0,0,0,0,0,0,0,0,0,100,0,0,0,0,0,0,86.66666,0,0,0,0,0,0,0,0,0,0,0,0,0,10.78838,0,0,0,0,25,0,0,0,0,0,0,0,0,45.16129,0,0,0,0,0,78.66108,0,75.37313,0,0,0,0,0,0,0,88.49797,0,0,0,0,0,0,0,0,0,0,0,82.35294,0,0,35.78947,0,0,0
3,0,100,0,21.73913,0,0,0,0,0,0,0,0,0,31.57894,0,0,0,0,0,0,0,0,83.33333,0,0,0,0,0,0,0,0,0,0,0,0,0,67.27272,0,0,0,0,0,0,0,0,0,0,55.92515,0,0,0,0,0,0,0,0,43.83561,0,0,0,0,0,0,0,0,0,0,0,0,0,34.11764,0,0,0,0,0,0,0,0,0,0,0,0,0,0,0,0,0,0,0,0,0,0,0,0,0,0,0,0,0,0,0,0,0,0,0,0,0,0,0,0,0,0,0,0,0,0,0,0,0,0,0,0,0,0,0,0,0,0,0,0,0,0,0,0,0,0,0,0,0,0,0,0,0,0,0,0,0,0,0,0,0,0,0,0,0,0,0,0,0,0,0,0,0,0,0,0,0,0,0,0,0,0,0,0,0,0,0,0,0,0,0,0,0,0,0,0,0,0,45.94594,0,0,0,0,0,0,0,0,0,0,0,75.85959,0,0,0,0,0,0,0,73.33333,0,0,57.65306,0,0,0,0,0,0,0,0,0,0,0,0,0,0,0,0,0,0,0,0,0,0,0,0,0,0,0,0,0,0,0,0,0,0,0,0,18.68932,0,0,0,0,0,0,0,0,0,0,0,0,0,0,0,0,0,0,0,0,0,0,0,0,0,0,0,46.66666,0,0,0,0,0,0,0,0,0,0,0,0,0,14.10788,0,0,0,0,0,0,0,0,0,0,0,0,0,70.96774,0,0,0,0,0,69.45606,0,72.38805,0,0,0,0,0,0,0,81.46143,0,0,0,0,0,0,0,0,0,0,0,94.11764,0,0,36.8421,0,0,0
4,0,63.63636,0,0,0,0,0,0,0,0,0,0,0,0,0,0,0,0,0,0,0,0,0,0,0,0,0,0,0,0,0,0,80,0,0,0,63.63636,0,0,0,0,0,0,0,0,0,0,50.51975,0,0,0,0,0,0,0,0,45.20547,100,0,0,0,0,0,0,0,0,0,0,0,0,37.05882,0,0,0,0,0,0,0,0,0,0,0,0,0,0,0,0,0,100,0,0,0,0,0,0,0,0,0,0,0,0,0,0,0,0,0,0,0,0,0,0,0,0,0,0,100,0,0,0,0,0,0,0,0,0,0,0,0,0,0,0,0,0,0,0,0,0,0,0,0,0,0,0,0,0,0,0,0,0,0,0,0,0,0,0,0,0,0,0,0,0,0,0,0,0,0,0,0,0,0,0,0,0,0,0,0,0,0,0,0,0,0,0,0,0,0,0,0,0,67.56756,0,0,0,0,0,0,0,0,0,0,0,90.32951,0,0,0,0,0,0,0,83.33333,0,0,59.18367,0,0,0,0,0,0,0,0,0,0,0,0,0,0,0,0,0,0,0,0,0,0,0,0,0,0,0,0,0,0,0,0,0,0,0,0,21.1165,0,0,0,0,0,0,0,0,0,0,0,0,0,0,0,0,0,0,0,0,0,0,0,0,0,0,0,0,0,0,0,0,0,0,0,0,0,0,0,0,0,9.54356,0,0,0,0,0,0,0,0,0,0,0,0,0,77.41935,0,0,0,0,0,60.25104,0,57.46268,0,0,0,0,0,0,0,74.56021,0,0,0,0,0,0,0,0,0,0,0,0,0,0,31.57894,0,0,0
5,0,63.63636,0,39.13043,0,0,0,0,0,0,0,0,0,0,0,0,0,0,0,0,0,0,0,0,0,0,0,0,0,0,0,0,50,0,0,0,60,0,0,0,0,0,0,0,0,0,0,51.35135,0,0,0,0,0,0,0,0,37.89954,0,0,0,0,0,0,0,0,0,0,0,0,0,35.88235,0,0,0,0,0,0,0,0,0,0,0,0,0,0,0,0,35.29411,41.66666,0,0,0,0,0,0,0,0,0,0,0,0,0,0,0,0,0,0,0,0,0,0,0,0,0,0,0,0,0,0,0,0,0,0,0,0,0,0,0,0,0,0,0,0,0,0,0,0,54.54545,0,0,0,0,0,0,0,0,0,0,0,0,0,0,0,0,0,0,0,0,0,0,0,0,0,0,0,0,0,0,0,0,0,0,0,0,0,0,0,0,0,0,0,0,0,0,0,0,0,0,0,93.24324,0,0,0,0,0,0,0,0,0,0,0,74.28366,0,0,0,0,0,0,0,63.33333,0,0,81.12244,0,0,0,0,0,0,0,0,0,0,0,0,0,0,0,0,0,0,0,0,0,0,0,0,0,0,0,0,0,0,0,0,0,0,0,0,20.63106,0,0,0,0,0,0,0,0,0,0,0,0,0,0,0,0,0,0,0,0,0,0,0,0,0,0,0,60,0,0,0,0,0,0,0,0,0,0,0,0,0,13.278,0,0,0,0,0,0,0,0,0,0,0,0,0,61.29032,0,0,0,0,0,56.48535,0,44.77611,0,0,0,0,0,0,0,38.56562,0,0,0,0,0,0,0,0,0,0,0,0,0,0,32.63157,0,0,0
6,0,0,0,47.82608,0,0,0,0,0,0,0,55.55555,0,0,0,0,0,0,0,0,0,0,0,0,0,0,0,0,0,0,0,0,70,0,0,0,45.45454,0,0,0,0,0,0,0,0,0,0,57.79625,0,0,0,0,0,0,0,0,52.51141,0,0,0,0,0,0,0,0,0,0,0,0,0,34.70588,0,0,0,0,0,0,0,0,0,0,0,0,0,0,0,0,64.70588,0,0,0,0,0,0,0,0,0,0,0,0,0,0,0,0,0,0,0,0,0,0,0,0,0,0,62.5,0,0,0,0,0,0,0,0,0,0,0,0,0,0,0,0,0,0,0,0,0,0,0,0,0,0,0,0,0,0,0,0,0,0,0,0,0,0,0,0,0,0,0,0,0,0,0,0,0,0,0,0,0,0,0,0,0,0,0,0,0,0,0,0,0,0,0,0,0,0,0,0,0,0,100,0,0,0,0,0,0,0,0,0,0,0,70.702,0,0,0,0,0,0,0,36.66666,0,0,56.63265,0,0,0,0,0,0,0,0,0,0,0,0,0,0,0,0,0,0,0,0,0,0,0,0,0,0,0,0,0,0,0,0,0,0,0,0,32.03883,0,0,0,0,0,0,0,0,0,0,0,0,0,0,0,0,0,0,0,0,0,0,0,0,0,0,0,0,0,0,0,0,0,0,0,0,0,0,0,0,0,11.61825,0,0,0,0,0,0,0,0,0,0,0,0,100,100,0,0,0,0,0,59.41422,0,41.79104,0,0,0,0,0,0,0,44.3843,0,0,0,0,0,0,0,0,0,0,0,35.29411,0,0,73.68421,0,0,0
7,0,0,0,30.43478,0,0,0,0,0,0,0,0,0,42.10526,0,0,0,0,0,0,0,0,83.33333,0,0,0,0,0,0,0,0,0,100,0,0,0,30.90909,0,0,0,0,0,0,0,0,0,0,86.48648,0,0,0,0,0,0,0,0,48.85844,0,0,0,0,0,0,0,0,0,0,0,0,0,18.23529,0,0,0,0,0,0,0,0,0,0,0,0,0,0,0,0,47.05882,0,0,0,0,0,0,0,0,0,0,0,0,0,0,0,0,0,0,0,0,0,0,0,0,0,0,0,0,0,0,0,0,0,0,0,0,0,0,0,0,0,0,0,0,0,0,0,0,0,0,0,0,0,0,0,0,0,0,0,0,0,0,0,0,0,0,0,0,0,0,0,0,0,0,0,0,0,0,0,0,0,0,0,0,0,0,0,0,0,0,0,0,0,0,0,0,0,0,0,0,0,68.91891,0,0,0,0,0,0,0,0,0,0,0,61.38968,0,0,0,0,0,0,0,53.33333,0,0,57.14285,0,0,0,0,0,0,0,0,0,0,0,0,0,0,0,0,0,0,0,0,0,0,0,0,0,0,0,0,0,0,0,0,0,55,0,0,41.01941,0,0,0,0,0,0,0,0,0,0,0,0,0,0,0,0,0,0,0,0,0,0,0,0,0,0,0,100,0,0,0,0,0,0,0,0,0,0,0,0,0,19.08713,0,0,0,0,50,0,0,0,0,0,0,0,0,54.8387,0,0,0,0,0,58.15899,0,58.20895,0,0,0,0,0,0,0,92.28687,0,0,0,0,0,0,0,0,0,0,0,0,0,0,43.15789,0,0,0
8,35.29411,0,29.03225,0,0,0,0,0,0,0,0,0,0,26.31578,0,0,0,0,0,0,0,0,0,66.66666,0,0,0,0,0,0,0,0,60,0,0,0,36.36363,0,0,0,0,0,0,0,0,0,0,70.06237,0,0,0,0,0,0,0,0,44.74885,0,0,0,0,0,0,0,0,0,0,0,0,0,27.05882,0,0,0,0,0,0,0,0,0,0,0,0,0,0,0,0,0,0,0,0,0,0,0,0,0,0,0,0,0,0,0,0,0,0,0,0,0,0,0,0,0,0,0,0,0,0,0,0,0,0,0,0,0,0,0,0,0,0,0,0,0,0,0,0,0,0,0,0,0,0,0,0,0,0,0,0,0,0,0,0,0,45.45454,0,0,0,0,0,0,0,0,0,0,0,0,0,0,0,0,0,0,0,0,0,0,0,0,0,0,0,0,0,0,0,0,0,0,0,0,71.62162,0,0,0,0,0,0,0,0,0,0,0,83.09455,0,0,0,0,0,0,0,56.66666,0,0,55.61224,0,0,0,0,0,0,0,0,0,0,0,0,0,0,0,0,0,0,0,0,0,0,0,0,0,0,0,0,0,0,0,0,0,0,0,0,65.04854,0,0,0,0,0,0,0,0,0,0,0,0,0,0,0,0,0,0,0,0,0,0,0,0,0,0,0,60,0,0,0,0,0,0,0,0,0,0,0,0,0,21.9917,0,0,0,0,0,0,0,0,0,0,0,0,77.77777,45.16129,0,0,0,0,0,65.27196,0,64.92537,0,0,0,0,0,0,0,93.09878,0,0,0,0,0,0,0,0,0,0,0,41.17647,0,0,100,0,0,0
9,0,0,48.38709,69.56521,0,0,0,0,0,0,0,0,0,28.94736,0,0,0,0,0,0,0,0,0,0,0,0,0,0,0,0,0,0,0,0,0,0,50.90909,0,0,0,0,0,0,0,0,0,0,62.16216,0,0,0,0,0,0,0,0,47.48858,0,0,0,0,0,0,0,0,0,0,0,0,0,30.58823,0,0,0,0,0,0,0,0,0,0,0,0,0,0,0,0,58.82352,0,0,0,0,0,0,0,0,0,0,0,0,0,0,0,0,0,0,0,0,0,0,0,0,0,0,0,87.5,0,0,0,0,0,0,0,0,0,0,0,0,0,0,0,0,0,0,0,0,0,0,0,0,0,0,0,0,0,0,0,0,0,0,0,0,0,0,0,0,0,0,0,0,0,0,0,0,0,0,0,0,0,0,0,0,0,0,0,0,0,0,0,0,0,0,0,0,0,0,0,0,0,55.4054,0,0,0,0,0,0,0,0,0,0,0,62.10601,0,0,0,0,0,0,0,80,0,0,54.59183,0,0,0,0,0,0,0,0,0,0,0,0,0,0,0,0,0,0,0,0,0,0,0,0,0,0,0,0,0,0,0,0,0,0,0,0,61.40776,0,0,0,0,0,0,0,0,0,0,0,0,0,0,0,0,0,0,0,0,0,0,0,0,0,0,0,0,0,0,0,0,0,0,0,0,0,0,0,0,0,28.6307,0,0,0,0,0,0,0,0,0,0,0,0,0,74.19354,0,0,0,0,0,64.01673,0,58.95522,0,0,0,0,0,0,0,90.93369,0,0,0,0,0,0,0,0,0,0,0,64.70588,0,0,41.05263,0,0,0
10,0,0,61.29032,26.08695,0,0,0,0,0,0,0,0,0,31.57894,0,0,0,0,0,0,0,0,0,0,0,0,0,0,0,0,0,0,0,0,0,0,52.72727,0,0,0,0,0,0,0,0,0,0,54.88565,0,0,0,0,0,0,0,0,52.51141,0,0,0,0,0,0,0,0,0,0,0,0,0,35.29411,0,0,0,0,0,0,0,0,0,0,0,0,0,0,0,0,41.17647,0,0,0,0,0,0,0,0,0,0,0,0,0,0,0,0,0,0,0,0,0,0,0,0,0,0,0,0,0,0,0,0,0,0,0,0,0,0,0,0,0,0,0,0,0,0,0,0,0,54.54545,0,0,0,0,0,0,0,0,0,0,0,0,0,0,0,0,0,0,0,0,0,0,0,0,0,0,0,0,0,0,0,0,0,0,0,0,0,0,0,0,0,0,0,0,0,0,0,0,0,0,0,45.94594,0,0,0,0,0,0,0,0,0,0,0,68.26647,0,0,0,0,0,0,0,100,0,0,52.04081,0,0,0,0,0,0,0,0,0,0,0,0,0,0,0,0,0,0,0,0,0,0,0,0,0,0,0,0,0,0,0,0,0,0,0,0,87.62135,0,0,0,0,0,0,0,0,0,0,0,0,0,0,0,0,0,0,0,0,0,0,0,0,0,0,0,33.33333,0,0,0,0,0,0,0,0,0,0,0,0,0,37.75933,0,0,0,0,0,0,0,0,0,0,0,0,0,38.70967,0,0,0,0,0,66.9456,0,59.70149,0,0,0,0,0,0,0,93.50473,0,0,0,0,0,0,0,0,0,0,0,35.29411,0,0,49.47368,0,0,0
11,0,0,61.29032,73.91304,0,0,0,0,0,0,0,0,0,31.57894,0,0,0,0,0,0,0,0,0,100,0,0,0,0,0,0,0,0,0,0,0,0,54.54545,0,0,0,0,0,0,0,0,0,0,59.66735,0,0,0,0,0,0,0,0,78.08219,0,0,0,0,0,0,0,0,0,0,0,0,0,34.70588,0,0,0,0,0,0,0,0,0,0,0,0,0,0,0,0,29.41176,0,0,0,0,0,0,0,0,0,0,0,0,0,0,0,0,0,0,0,0,0,0,0,0,0,0,0,0,0,0,0,0,0,0,0,0,0,0,0,0,0,0,0,0,0,0,0,0,0,0,0,0,0,0,0,0,0,0,0,0,0,0,0,0,0,0,0,0,0,0,0,0,0,0,0,0,0,0,0,0,0,0,0,0,0,0,0,0,0,0,0,0,0,0,0,0,0,0,0,0,0,66.21621,0,0,0,0,0,0,0,0,0,0,0,78.00859,0,0,0,0,0,0,0,63.33333,0,0,63.77551,0,0,0,0,0,0,0,0,0,0,0,0,0,0,0,0,0,0,0,0,0,0,0,0,0,0,0,0,0,0,0,0,0,0,0,0,100,0,0,0,0,0,0,0,0,0,0,0,0,0,0,0,0,0,0,0,0,0,0,0,0,0,0,0,0,0,0,0,0,0,0,0,0,0,0,0,0,0,37.34439,0,0,0,0,30,0,0,0,0,0,0,0,0,29.03225,0,0,0,0,0,64.43514,0,69.40298,0,0,0,0,0,0,0,74.56021,0,0,0,0,0,0,0,0,0,0,0,70.58823,0,0,37.89473,0,0,0
12,0,0,38.70967,0,0,0,0,0,0,0,0,0,0,0,0,0,0,0,0,0,0,0,0,77.77777,0,0,0,0,0,0,0,0,80,0,0,0,34.54545,0,0,0,0,0,0,0,0,0,0,60.49896,0,0,0,0,0,0,0,0,57.07762,0,0,0,0,0,0,0,0,0,0,0,0,0,36.47058,0,0,0,0,0,0,0,0,0,0,0,0,0,0,0,0,0,0,0,0,0,0,0,0,0,0,0,0,0,0,0,0,0,0,0,0,0,0,0,0,0,0,0,0,0,0,0,0,0,0,0,0,0,0,0,0,0,0,0,0,0,0,0,0,0,0,63.63636,0,0,0,0,0,0,0,0,0,0,0,0,0,0,0,0,0,0,0,0,0,0,0,0,0,0,0,0,0,0,0,0,0,0,0,0,0,0,0,0,0,0,0,0,0,0,0,0,0,0,0,79.72972,0,0,0,0,0,0,0,0,0,0,0,66.83381,0,0,0,0,0,0,0,56.66666,0,0,59.69387,0,0,0,0,0,0,0,0,0,0,0,0,0,0,0,0,0,0,0,0,0,0,0,0,0,0,0,0,0,0,0,0,0,0,0,0,50.72815,0,0,0,0,0,0,0,0,0,0,0,0,0,0,0,0,0,0,0,0,0,0,0,0,0,0,0,0,0,0,0,0,0,0,0,0,0,0,0,0,0,37.34439,0,0,0,0,0,0,0,0,0,0,83.33333,0,66.66666,51.6129,0,0,0,0,0,54.81171,0,65.67164,0,0,0,0,0,0,0,46.14343,0,0,0,0,0,0,0,0,0,0,0,58.82352,0,0,16.8421,0,0,0
13,0,0,32.25806,0,0,0,0,0,0,0,0,0,0,15.78947,0,0,0,0,0,0,0,0,0,0,0,57.14285,0,0,0,0,0,0,0,0,0,0,34.54545,0,0,0,0,0,0,0,0,0,0,54.26195,0,0,0,0,0,0,0,0,57.99086,0,0,0,0,0,0,0,0,0,0,0,0,0,22.94117,0,0,0,0,0,0,0,0,0,0,0,0,0,0,0,0,76.47058,0,0,0,0,0,0,0,0,0,0,0,0,0,0,0,0,0,0,0,0,0,0,0,0,0,0,0,0,0,0,0,0,0,0,0,0,0,0,0,0,0,0,0,0,0,0,0,0,0,72.72727,0,0,0,0,0,0,0,0,0,0,0,0,0,0,0,0,0,0,0,0,0,0,0,0,0,0,0,0,0,0,0,0,0,0,0,0,0,0,0,0,0,0,0,0,0,0,0,0,0,0,0,75.67567,0,0,0,0,0,0,0,0,0,0,0,70.0573,0,0,0,0,0,0,0,23.33333,0,0,72.95918,0,0,0,0,0,0,0,0,0,0,0,0,0,0,0,0,0,0,0,0,0,0,0,0,0,0,0,0,0,0,0,0,0,0,0,0,34.95145,0,0,0,0,0,0,0,0,0,0,0,0,0,0,0,0,0,0,0,0,0,0,0,0,0,0,0,0,0,0,0,0,0,0,0,0,0,0,0,0,0,26.97095,0,0,0,0,40,0,0,0,0,0,0,0,0,58.06451,0,0,0,0,0,54.81171,0,67.16417,0,0,0,0,0,0,0,49.25575,0,0,0,0,0,0,0,0,0,0,0,0,0,0,23.15789,0,0,0
14,0,0,16.12903,0,0,0,0,0,0,0,0,0,0,36.8421,0,0,0,0,0,0,0,0,83.33333,66.66666,0,0,0,0,0,0,0,0,0,0,0,0,50.90909,0,0,0,0,0,0,0,0,0,0,65.48856,0,0,0,0,0,0,0,0,45.20547,0,0,0,0,0,0,0,0,0,0,0,0,0,21.7647,0,0,0,0,0,0,0,0,0,0,0,0,0,0,0,0,41.17647,0,0,0,0,0,0,0,0,0,0,0,0,0,0,0,0,0,0,0,0,0,0,0,0,0,0,0,0,0,0,0,0,0,0,0,0,0,0,0,0,0,0,0,0,0,0,0,0,0,0,0,0,0,0,0,0,0,0,0,0,0,0,0,0,0,0,0,0,0,0,0,0,0,0,0,0,0,0,0,0,0,0,0,0,0,0,0,0,0,0,0,0,0,0,0,0,0,0,0,0,0,72.97297,0,0,0,0,0,0,0,0,0,0,0,57.80802,0,0,0,0,0,0,0,53.33333,0,0,59.18367,0,0,0,0,0,0,0,0,0,0,0,0,0,0,0,0,0,0,0,0,0,0,0,0,0,0,0,0,0,0,0,0,0,0,0,0,27.42718,0,0,0,0,0,0,0,0,0,0,0,0,0,0,0,0,0,0,0,0,0,0,0,0,0,0,0,40,0,0,0,0,0,0,0,0,0,0,0,0,0,32.36514,0,0,0,0,0,0,0,0,0,0,100,0,55.55555,67.74193,0,0,0,0,0,66.10878,0,49.25373,0,0,0,0,0,0,0,98.24086,0,0,0,0,0,0,0,0,0,0,0,47.05882,0,0,13.68421,0,0,0
15,0,0,0,21.73913,0,0,0,0,0,0,0,0,100,18.42105,0,0,0,0,0,0,0,0,0,0,0,0,0,0,0,0,0,0,0,0,0,0,50.90909,0,0,0,0,0,0,0,0,0,0,58.83575,0,0,0,0,0,0,0,0,48.40182,0,0,0,0,0,0,0,0,0,0,0,0,0,30.58823,0,0,0,0,0,0,0,0,0,0,0,0,0,0,0,0,35.29411,0,0,0,0,0,0,0,0,0,0,0,0,0,0,0,0,0,0,0,0,0,0,0,0,0,0,0,0,0,0,0,0,0,0,0,0,0,0,0,0,0,0,0,0,0,0,0,0,0,0,0,0,0,0,0,0,0,0,0,0,0,0,0,0,0,0,0,0,0,0,0,0,0,0,0,0,0,0,0,0,0,0,0,0,0,0,0,0,0,0,0,0,0,0,0,0,0,0,0,0,0,67.56756,0,0,0,0,0,0,0,0,0,0,0,66.61891,0,0,0,0,0,0,0,80,0,0,53.57142,0,0,0,0,0,0,0,0,0,0,0,0,0,0,0,0,0,0,0,0,0,0,0,0,0,0,0,0,0,0,0,0,0,0,0,0,25.24271,0,0,0,0,0,0,0,0,0,0,0,0,0,0,0,0,0,0,0,0,0,0,0,0,0,0,0,0,0,0,0,0,0,0,0,0,0,0,0,0,0,42.32365,0,0,0,0,25,0,0,0,0,0,0,0,77.77777,45.16129,0,0,0,0,0,69.87447,0,67.16417,0,0,0,0,0,0,0,94.45196,0,0,0,0,0,0,0,0,0,0,0,29.41176,0,0,29.47368,0,0,0
16,0,0,0,100,0,0,0,0,0,0,0,0,0,100,0,0,0,0,0,0,0,0,0,0,0,0,0,0,0,0,0,0,0,0,0,0,36.36363,0,0,0,0,0,0,0,0,0,0,58.62785,0,0,0,0,0,0,0,0,63.92694,0,0,0,0,0,0,0,0,0,0,0,0,0,85.29411,0,0,0,0,0,0,0,0,0,0,0,0,0,0,0,0,76.47058,0,0,0,0,0,0,0,0,0,0,0,0,0,0,0,0,0,0,0,0,0,0,0,0,0,0,0,0,0,0,0,0,0,0,0,0,0,0,0,0,0,0,0,0,0,0,0,0,0,0,0,0,0,0,0,0,0,0,0,0,0,0,0,0,45.45454,0,0,0,0,0,0,0,0,0,0,0,0,0,0,0,0,0,0,0,0,0,0,0,0,0,0,0,0,0,0,0,0,0,0,0,0,41.89189,0,0,0,0,0,0,0,0,0,0,0,88.10888,0,0,0,0,0,0,0,50,0,0,44.89795,0,0,0,0,0,0,0,0,0,0,0,0,0,0,0,0,0,0,0,0,0,0,0,0,0,0,0,0,0,0,0,0,0,0,0,0,17.71844,0,0,0,0,0,0,0,0,0,0,0,0,0,0,0,0,0,0,0,0,0,0,0,0,0,0,0,0,0,0,0,0,0,0,0,0,0,0,0,0,0,50.20746,0,0,0,0,50,0,0,0,0,0,0,0,77.77777,35.48387,0,0,0,0,0,53.55648,0,64.1791,0,0,0,0,0,0,0,95.66982,0,0,0,0,0,100,0,0,0,0,0,52.94117,0,0,15.78947,0,0,0
17,0,0,0,0,0,0,0,0,0,0,0,0,0,34.21052,0,0,0,0,0,0,0,0,0,66.66666,0,0,0,0,0,0,0,0,0,0,0,0,56.36363,0,0,0,0,0,0,0,0,0,0,65.07276,0,0,0,0,0,0,0,0,63.92694,0,0,0,0,0,0,0,0,0,0,0,0,0,61.17647,0,0,0,0,0,0,0,0,0,0,0,0,0,0,0,0,64.70588,0,0,0,0,0,0,0,0,0,0,0,0,0,0,0,0,0,0,0,0,0,0,0,0,0,0,0,0,0,0,0,0,0,0,0,0,0,0,0,0,0,0,0,0,0,0,0,0,0,0,0,0,0,0,0,0,0,0,0,0,0,0,0,0,0,0,0,0,0,0,0,0,0,0,0,0,0,0,0,0,0,0,0,0,0,0,0,0,0,0,0,0,0,0,0,0,0,0,0,0,0,37.83783,0,0,0,0,0,0,0,0,0,0,0,75.71633,0,0,0,0,0,0,0,60,0,0,43.87755,0,0,0,0,0,0,0,0,0,0,0,0,0,0,0,0,0,0,0,0,0,0,0,0,0,0,0,0,0,0,0,0,0,0,0,0,31.06796,0,0,0,0,0,0,0,0,0,0,0,100,0,0,0,0,0,0,0,0,0,0,0,0,0,0,0,0,0,0,0,0,0,0,0,0,0,0,0,0,0,59.33609,0,0,0,0,50,0,0,0,0,0,0,0,55.55555,38.70967,0,0,0,0,0,69.87447,0,49.25373,0,0,0,0,0,0,0,91.88092,0,0,0,0,0,0,0,0,0,0,0,29.41176,0,0,26.31578,0,0,0
18,0,0,32.25806,21.73913,0,0,0,0,0,0,0,0,0,13.15789,0,0,0,0,0,0,0,0,0,0,0,35.71428,0,0,0,0,0,0,0,0,0,0,100,100,0,0,0,0,0,0,0,0,0,45.53014,0,0,0,0,0,0,0,0,73.9726,0,0,0,0,0,0,0,0,0,0,0,0,0,40,0,0,0,0,0,0,0,0,0,0,0,0,0,0,0,0,82.35294,0,0,0,0,0,0,0,0,0,0,0,0,0,0,0,0,0,0,0,0,0,0,0,0,0,0,0,0,0,0,0,0,0,0,0,0,0,0,0,0,0,0,0,0,0,0,0,0,0,0,0,0,0,0,0,0,0,0,0,0,0,0,0,0,0,0,0,0,0,0,0,0,0,0,0,0,0,0,0,0,0,0,0,0,0,0,0,0,0,0,0,0,0,0,0,0,0,0,0,0,0,72.97297,0,0,0,0,0,0,0,0,0,0,0,73.99713,0,0,0,0,0,0,0,23.33333,0,0,66.32653,0,0,0,0,0,0,0,0,0,0,0,0,0,0,0,0,0,0,0,0,0,0,0,0,0,0,0,0,0,0,0,0,0,0,0,0,24.27184,0,0,0,0,0,0,0,0,0,0,0,0,0,0,0,0,0,0,0,0,0,0,0,0,0,0,0,0,0,0,0,0,0,0,0,0,0,0,0,0,0,50.20746,0,0,0,0,30,0,0,0,0,0,100,0,0,32.25806,0,0,0,0,0,69.03765,0,49.25373,0,0,0,0,0,0,0,83.22056,0,0,0,0,0,0,0,0,0,0,0,0,0,0,14.73684,0,0,0
19,0,0,0,0,0,0,0,0,0,0,0,0,0,21.05263,0,0,0,0,0,0,0,0,0,0,0,42.85714,0,0,0,0,0,0,0,0,0,0,43.63636,0,0,0,0,0,0,0,0,0,0,50.31185,0,0,0,0,0,0,0,0,78.99543,0,0,0,0,0,0,0,0,0,0,0,0,0,30.58823,0,0,0,0,0,0,0,0,0,0,0,0,0,0,0,0,29.41176,0,0,0,0,0,0,0,0,0,0,0,0,0,0,0,0,0,0,0,0,0,0,0,0,0,0,0,75,0,0,0,0,0,0,0,0,0,0,0,0,0,0,0,0,0,0,0,0,0,0,0,0,0,0,0,0,0,0,0,0,0,0,0,0,0,0,0,0,0,0,0,0,0,0,0,0,0,0,0,0,0,0,0,0,0,0,0,0,0,0,0,0,0,0,0,0,0,0,0,0,0,62.16216,0,0,0,0,0,0,0,0,0,0,0,65.32951,0,0,0,0,0,0,0,93.33333,0,0,63.2653,0,0,0,0,0,0,0,0,0,0,0,0,0,0,0,50,0,0,0,0,0,0,0,0,0,0,0,0,0,0,0,0,0,0,0,0,30.3398,0,0,0,0,0,0,0,0,0,0,0,0,0,0,0,0,0,0,0,0,0,0,0,0,0,0,0,0,0,0,0,0,0,0,0,0,0,0,0,0,0,42.73858,0,0,0,0,25,0,0,0,0,0,0,0,100,61.29032,0,0,0,0,0,58.99581,0,33.58208,0,0,0,0,0,0,0,49.6617,0,0,0,0,0,0,0,0,0,0,0,0,0,0,11.57894,0,0,0
20,0,0,0,21.73913,0,0,0,0,0,0,0,0,0,26.31578,0,0,0,0,0,0,0,0,0,55.55555,0,42.85714,0,0,0,0,0,0,0,0,0,0,63.63636,0,0,0,0,0,0,0,0,0,0,49.68814,0,0,0,0,0,0,0,0,66.21004,0,0,0,0,0,0,0,0,0,0,0,0,0,32.35294,0,0,0,0,0,0,0,0,0,0,0,0,0,0,0,0,35.29411,0,0,0,0,0,0,0,0,0,0,0,0,0,0,0,0,0,0,0,0,0,0,0,0,0,0,0,0,0,0,0,0,0,0,0,0,0,0,0,0,0,0,0,0,0,0,0,0,0,100,0,0,0,0,0,0,0,0,0,0,0,0,0,0,0,0,0,0,0,0,0,0,0,0,0,0,0,0,0,0,0,0,0,0,0,0,0,0,0,0,0,0,0,0,0,0,0,0,0,0,0,87.83783,0,0,0,0,0,0,0,0,0,0,0,73.4957,0,0,0,0,0,0,0,40,0,0,79.59183,0,0,0,0,0,0,0,0,0,0,0,0,0,0,0,0,0,0,0,0,0,0,0,0,0,0,0,0,0,0,0,0,0,0,0,0,46.84466,0,0,0,0,0,0,0,0,0,0,0,0,0,0,0,0,0,0,0,0,0,0,0,0,0,0,0,33.33333,0,0,0,0,0,0,0,0,0,0,0,0,0,56.43153,0,0,0,0,0,0,0,0,0,0,0,0,0,29.03225,0,0,0,0,0,61.92468,0,54.47761,0,0,0,0,0,0,100,59.13396,0,0,0,0,0,0,0,0,0,0,0,0,0,0,21.05263,0,0,0
21,0,0,19.35483,0,0,0,0,0,0,0,0,0,0,76.31578,0,0,0,0,0,0,0,0,0,0,0,0,0,0,0,0,0,0,0,0,0,0,23.63636,0,0,0,0,0,0,0,0,0,0,63.40956,0,0,0,0,0,0,0,0,42.92237,0,0,0,0,0,0,0,0,0,0,0,0,0,22.94117,0,0,0,0,0,0,0,0,0,0,0,7.89473,0,0,0,0,100,0,0,0,0,0,0,0,0,0,0,0,0,0,0,0,0,0,0,0,0,0,0,0,0,0,0,0,0,0,0,0,0,0,0,0,0,0,0,0,0,0,0,0,0,0,0,0,0,0,0,0,0,0,0,0,0,0,0,0,0,0,0,0,0,0,0,0,0,0,0,0,0,0,0,0,0,0,0,0,0,0,0,0,0,0,0,0,0,0,0,0,0,0,0,0,0,0,0,0,0,0,77.02702,0,0,0,0,0,0,0,0,0,0,0,70.2722,0,0,0,0,0,0,0,36.66666,0,0,55.61224,0,0,0,0,0,0,0,0,0,0,0,0,0,0,0,0,0,0,0,0,0,0,0,0,0,0,0,0,0,0,0,0,0,100,0,0,32.76699,0,0,0,0,0,0,0,0,0,0,0,0,0,0,0,0,0,0,0,0,0,0,0,0,0,0,0,0,0,0,0,0,0,0,0,0,0,0,0,0,0,51.03734,0,0,0,0,30,0,0,0,0,0,0,0,55.55555,51.6129,0,0,0,0,0,60.25104,0,38.80597,0,0,0,0,0,0,0,100,0,0,0,0,0,0,0,0,0,0,0,0,0,0,11.57894,0,0,0
22,0,0,0,21.73913,0,0,0,0,0,0,0,0,0,63.15789,0,0,0,0,0,0,0,0,0,0,0,0,0,0,0,0,0,0,0,0,0,0,45.45454,0,0,0,0,0,0,0,0,0,0,62.16216,0,0,0,0,0,0,0,0,42.00913,0,0,0,0,0,0,0,0,0,0,0,0,0,15.88235,0,0,0,0,0,0,0,0,0,0,0,0,0,0,0,0,52.94117,0,0,0,0,0,0,0,0,0,0,0,0,0,0,0,0,0,0,0,0,0,0,0,0,0,0,0,0,0,0,0,0,0,0,0,0,0,0,0,0,0,0,0,0,0,0,0,0,0,0,0,0,0,0,0,0,0,0,0,0,0,0,0,0,0,0,0,0,0,0,0,0,0,0,0,0,0,0,0,0,0,0,0,0,0,0,0,0,0,0,0,0,0,0,0,0,0,0,0,0,0,79.72972,0,0,0,0,0,0,0,0,0,0,0,93.553,0,0,0,0,0,0,0,100,0,0,52.04081,0,0,0,0,0,0,0,0,0,0,0,0,0,0,0,100,0,0,0,0,0,0,0,0,0,0,0,0,0,0,0,0,0,25,0,0,31.55339,0,0,0,0,0,0,0,0,0,0,0,0,0,0,0,0,0,0,0,0,0,0,0,0,0,0,0,0,0,0,0,0,0,0,0,0,0,0,0,0,0,60.16597,0,0,0,0,0,0,0,0,0,0,83.33333,0,0,58.06451,0,0,0,0,0,71.1297,0,55.97014,0,0,0,0,0,0,0,96.75236,0,0,0,0,0,0,0,0,0,0,0,0,0,0,11.57894,0,0,0
23,0,0,100,100,0,0,0,0,0,0,0,0,0,34.21052,0,0,0,0,0,0,0,0,0,55.55555,0,42.85714,0,0,0,0,0,0,0,0,0,0,65.45454,0,0,0,0,0,0,0,0,0,0,53.63825,0,0,0,0,0,0,0,0,37.89954,0,0,0,0,0,0,0,0,0,0,0,0,0,18.23529,0,0,0,0,0,0,0,0,0,0,0,6.14035,0,0,0,0,41.17647,0,0,0,0,0,0,0,0,0,0,0,0,0,0,0,0,0,0,0,0,0,0,0,0,0,0,0,0,0,0,0,0,0,0,0,0,0,0,0,0,0,0,0,0,0,0,0,0,0,0,0,0,0,0,0,0,0,0,0,0,0,0,0,0,0,0,0,0,0,0,0,0,0,0,0,0,0,0,0,0,0,0,0,0,0,0,0,0,0,0,0,0,0,0,0,0,0,0,0,0,0,35.13513,0,0,0,0,0,0,0,0,0,0,0,64.61318,0,0,0,0,0,0,0,93.33333,0,0,36.22448,0,0,0,0,0,0,0,0,0,0,0,0,0,0,0,0,0,0,0,0,0,0,0,0,0,0,0,0,0,0,0,0,0,0,0,0,24.02912,0,0,0,0,0,0,0,0,0,0,0,0,0,0,0,0,0,0,0,0,0,0,0,0,0,0,0,0,0,0,0,0,0,0,0,0,0,0,0,0,0,74.68879,0,0,0,0,0,0,0,0,0,0,0,0,55.55555,32.25806,0,0,0,0,0,64.85355,0,56.71641,0,0,0,0,0,0,0,98.91745,0,0,0,0,0,0,0,0,0,0,0,35.29411,0,0,18.94736,0,0,0
24,0,0,0,43.47826,0,0,0,0,0,0,0,55.55555,0,18.42105,0,0,0,0,0,0,0,0,0,0,0,35.71428,0,0,0,0,0,0,0,0,0,0,27.27272,0,0,0,0,0,0,0,0,0,0,65.48856,0,0,0,0,0,0,0,0,44.74885,0,0,0,0,0,0,0,0,0,0,0,0,0,28.82352,0,0,0,0,0,0,0,0,0,0,0,5.26315,0,0,0,0,0,0,0,0,0,0,0,0,0,0,0,0,0,0,0,0,0,0,0,0,0,0,0,0,0,0,0,0,62.5,0,0,0,0,0,0,0,0,0,0,0,0,0,0,0,0,0,0,0,0,0,0,0,0,0,0,0,0,0,0,0,0,0,0,0,0,0,0,0,0,0,0,0,0,0,0,0,0,0,0,0,0,0,0,0,0,0,0,0,0,0,0,0,0,0,0,0,0,0,0,0,0,0,58.1081,0,0,0,0,0,0,0,0,0,0,0,63.68194,0,0,0,0,0,0,0,53.33333,0,0,59.18367,0,0,0,0,0,0,0,0,0,0,0,0,0,0,0,100,0,0,0,0,0,0,0,0,0,0,0,0,0,0,0,0,0,0,0,0,19.90291,0,0,0,0,0,0,0,0,0,0,0,0,0,0,0,0,0,0,0,0,0,0,0,0,0,0,0,0,0,0,0,0,0,0,0,0,0,0,0,0,0,60.58091,0,0,0,0,30,0,0,0,0,0,0,0,100,29.03225,0,0,0,0,0,66.10878,0,38.0597,0,0,0,0,0,0,83.33333,85.11502,0,0,0,0,0,0,0,0,0,0,0,0,0,0,22.10526,0,0,0
25,0,0,0,39.13043,0,0,0,0,0,0,0,0,0,36.8421,0,0,0,0,0,0,0,0,0,0,0,0,0,0,0,0,0,0,0,0,0,0,25.45454,0,0,0,0,0,0,0,0,0,0,54.88565,0,0,0,0,0,0,0,0,100,0,0,0,0,0,0,0,0,0,0,0,0,0,20.58823,0,0,0,0,0,0,0,0,0,0,0,4.38596,0,0,0,0,64.70588,0,0,0,0,0,0,0,0,0,0,0,0,0,0,0,0,0,0,0,0,0,0,0,0,0,0,0,0,0,0,0,0,0,0,0,0,0,0,0,0,0,0,0,0,0,0,0,0,0,0,0,0,0,0,0,0,0,0,0,0,0,0,0,0,0,0,0,0,0,0,0,0,0,0,0,0,0,0,0,0,0,0,0,0,0,0,0,0,0,0,0,0,0,0,0,0,0,0,0,0,0,64.86486,0,0,0,0,0,0,0,0,0,0,0,55.58739,0,0,0,0,0,0,0,60,0,0,58.16326,0,0,0,0,0,0,0,0,0,0,0,0,0,0,0,0,0,0,0,0,0,0,0,0,0,0,0,0,0,0,0,0,0,0,0,0,22.08737,0,0,0,0,0,0,0,0,0,0,0,0,0,0,0,0,0,0,0,0,0,0,0,0,0,0,0,0,0,0,0,0,0,0,0,0,0,0,0,0,0,60.99585,0,0,0,0,35,0,0,0,0,0,0,0,0,38.70967,0,0,0,0,0,70.29288,0,33.58208,0,0,0,0,0,0,0,67.92963,0,0,0,0,0,0,0,0,0,0,0,0,0,0,16.8421,0,0,0
26,0,0,0,0,0,0,0,0,0,0,0,66.66666,0,0,0,0,0,0,0,0,0,0,0,0,0,0,0,0,0,0,0,0,0,0,0,0,47.27272,0,0,0,0,0,0,0,0,0,0,84.82328,0,0,0,0,0,0,0,0,54.79452,0,0,0,0,0,0,0,0,0,0,0,0,0,31.17647,0,0,0,0,0,0,0,0,0,0,0,0,0,0,0,0,64.70588,0,0,0,0,0,0,0,0,0,0,0,0,0,0,0,0,0,0,0,0,0,0,0,0,0,0,0,0,0,0,0,0,0,0,0,0,0,0,0,0,0,0,0,0,0,0,0,0,0,0,0,0,0,0,0,0,0,0,0,0,0,0,0,0,0,0,0,0,0,0,0,0,0,0,0,0,0,0,0,0,0,0,0,0,0,0,0,0,0,0,0,0,0,0,0,0,0,0,0,0,0,54.05405,0,0,0,0,0,0,0,0,0,0,0,45.12893,0,0,0,0,0,0,0,56.66666,0,0,52.55102,0,0,0,0,0,0,0,0,0,0,0,0,0,0,0,0,0,0,0,0,0,0,0,0,0,0,0,0,0,0,0,0,0,0,0,0,17.71844,0,0,0,0,0,0,0,0,0,0,0,0,0,0,0,0,0,0,0,0,0,0,0,0,0,0,0,0,0,0,0,0,0,0,0,0,0,0,0,0,0,65.9751,0,0,0,0,40,0,0,0,0,0,0,0,88.88888,38.70967,0,0,0,0,0,100,0,36.56716,0,0,0,0,0,0,0,31.12313,0,0,0,0,0,0,0,0,0,0,0,0,0,0,8.42105,0,0,0
27,0,0,0,26.08695,0,0,0,0,0,0,0,0,0,21.05263,0,0,0,0,0,0,0,0,0,0,0,0,0,0,0,0,0,0,0,0,0,0,43.63636,0,0,0,0,0,0,0,0,0,0,68.19126,0,0,0,0,0,0,0,0,51.14155,0,0,0,0,0,0,0,0,0,0,0,0,0,37.05882,0,0,0,0,0,0,0,0,0,0,0,10.52631,0,0,0,0,0,0,0,0,0,0,0,0,0,0,0,0,0,0,0,0,0,0,0,0,0,0,0,0,0,0,0,0,62.5,0,0,0,0,0,0,0,0,0,0,0,0,0,0,0,0,0,0,0,0,0,45.45454,0,0,0,0,0,0,0,0,0,0,0,0,0,0,0,0,0,0,0,0,0,0,0,0,0,0,0,0,0,0,0,0,0,0,0,0,0,0,0,0,0,0,0,0,0,0,0,0,0,0,0,45.94594,0,0,0,0,0,0,0,0,0,0,0,49.85673,0,0,0,0,0,0,0,26.66666,0,0,58.16326,0,0,0,0,0,0,0,0,0,0,0,0,0,0,0,0,0,0,0,0,0,0,0,0,0,0,0,0,0,0,0,0,0,30,0,0,16.01941,0,0,0,0,0,0,0,0,0,0,0,0,0,0,0,0,0,0,0,0,0,0,0,0,0,0,0,0,0,0,0,0,0,0,0,0,0,0,0,0,0,56.84647,0,0,0,0,0,0,0,0,0,0,0,0,0,0,0,0,0,0,0,58.15899,0,35.07462,0,0,0,0,0,0,0,38.43031,0,0,0,0,0,0,0,0,0,0,0,0,0,0,8.42105,0,0,0
28,0,0,0,0,0,0,0,0,0,0,0,0,0,13.15789,0,0,0,0,0,0,0,0,0,0,0,0,0,0,0,0,0,0,0,0,0,0,47.27272,0,0,0,0,0,0,0,0,0,0,61.53846,0,0,0,0,0,0,0,0,42.92237,0,0,0,0,0,0,0,0,0,0,0,0,0,26.47058,0,0,0,0,0,0,0,0,0,0,0,5.26315,0,0,0,0,29.41176,0,0,0,0,0,0,0,0,0,0,0,0,0,0,0,0,0,0,0,0,0,0,0,0,0,0,0,0,0,0,0,0,0,0,0,0,0,0,0,0,0,0,0,0,0,0,0,0,0,81.81818,0,0,0,0,0,0,0,0,0,0,0,0,0,0,0,0,0,0,0,0,0,0,0,0,0,0,0,0,0,0,0,0,0,0,0,0,0,0,0,0,0,0,0,0,0,0,0,0,0,0,0,50,0,0,0,0,0,0,0,0,0,0,0,46.63323,0,0,0,0,0,0,0,50,0,0,66.32653,0,0,0,0,0,0,0,0,0,0,0,0,0,0,0,0,0,0,0,0,0,0,0,0,0,0,0,0,0,0,0,0,0,0,0,0,23.30097,0,0,0,0,0,0,0,0,0,0,0,0,0,0,0,0,0,0,0,0,0,0,0,0,0,100,0,0,0,0,0,0,0,0,0,0,0,0,0,0,0,62.24066,0,0,0,0,25,0,0,0,0,0,0,0,55.55555,41.93548,0,0,0,0,0,89.53974,0,41.04477,0,0,0,0,0,0,0,81.86738,0,0,0,0,0,0,0,0,0,0,0,0,0,0,6.31578,0,0,0
29,0,0,0,0,0,0,0,0,0,0,0,0,0,13.15789,0,0,0,0,0,0,0,0,0,0,0,0,0,0,0,0,0,0,0,0,0,0,45.45454,0,0,0,0,0,0,0,0,0,0,64.86486,0,0,0,0,0,0,0,0,32.87671,0,0,0,0,0,0,0,0,0,0,0,0,0,14.11764,0,0,0,0,0,0,0,0,0,0,0,5.26315,0,0,0,0,0,0,0,0,0,0,0,0,0,0,0,0,0,0,0,0,0,0,0,0,0,0,0,0,0,0,0,0,0,0,0,0,0,0,0,0,0,0,0,0,0,0,0,0,0,0,0,0,0,0,0,0,0,0,0,0,0,0,0,0,0,0,0,0,0,0,0,0,0,0,0,0,0,0,0,0,0,0,0,0,0,0,0,0,0,0,0,0,0,0,0,0,0,0,0,0,0,0,0,0,0,0,50,0,0,0,0,0,0,0,0,0,0,0,36.03151,0,0,0,0,0,0,0,66.66666,0,0,59.69387,0,0,0,0,0,0,0,0,0,0,0,0,0,0,0,0,0,0,0,0,0,0,0,0,0,0,0,0,0,0,0,0,0,0,0,0,19.41747,0,0,0,0,0,0,0,0,0,0,0,0,0,0,0,0,0,0,0,0,0,0,0,0,0,0,0,0,0,0,0,0,0,0,0,0,0,0,0,0,0,73.85892,0,0,0,0,35,0,0,0,0,0,0,0,66.66666,29.03225,0,0,0,0,0,71.1297,0,58.20895,0,0,0,0,0,0,0,71.98917,0,0,0,0,0,0,0,0,0,0,0,0,0,0,18.94736,0,0,0
30,100,81.81818,19.35483,0,0,0,0,0,0,0,0,0,0,13.15789,0,0,0,0,0,0,0,0,0,0,0,0,0,0,0,0,0,0,0,0,0,0,40,0,0,0,0,0,0,0,0,0,0,57.58835,0,0,0,0,0,0,0,0,32.87671,0,0,0,0,0,0,0,0,0,0,0,0,0,46.47058,0,0,0,0,0,0,0,0,0,0,0,0,0,0,0,0,29.41176,0,0,0,0,0,0,0,0,0,0,0,0,0,0,0,0,0,0,0,0,0,0,0,0,0,0,0,0,0,0,0,0,0,0,0,0,0,0,0,0,0,0,0,0,0,0,0,0,0,0,0,0,0,0,0,0,0,0,0,0,0,0,0,0,0,0,0,0,0,0,0,0,0,0,0,0,0,0,0,0,0,0,0,0,0,0,0,0,0,0,0,0,0,0,0,0,0,0,0,0,0,36.48648,0,0,0,0,0,0,0,0,0,0,0,32.02005,0,0,0,0,0,0,0,33.33333,0,0,50.5102,0,0,0,0,0,0,0,0,0,0,0,0,0,0,0,0,0,0,0,0,0,0,0,0,0,0,0,0,0,0,0,0,0,0,0,0,18.20388,0,0,0,0,0,0,0,0,0,0,0,0,0,0,0,57.14285,0,0,0,0,0,0,0,0,0,0,0,0,0,0,0,0,0,0,0,0,0,0,0,0,0,60.16597,0,0,0,0,35,0,0,0,0,100,0,0,55.55555,0,0,0,0,0,0,48.95397,0,44.77611,0,0,0,0,0,0,0,45.8728,0,0,0,0,0,0,0,0,0,0,0,0,0,0,13.68421,0,0,0
31,0,0,0,34.7826,0,0,0,0,0,0,0,66.66666,0,15.78947,0,0,0,0,0,0,0,0,0,77.77777,0,35.71428,0,0,0,0,0,0,0,0,0,0,50.90909,0,0,0,0,0,0,0,0,0,0,63.61746,0,0,0,0,0,0,0,0,35.61643,0,0,0,0,0,0,0,0,0,0,0,0,0,30.58823,0,0,0,0,0,0,0,0,0,0,0,0,0,0,0,0,0,0,0,0,0,0,0,0,0,0,0,0,0,0,0,0,0,0,0,0,0,0,0,0,0,0,0,0,0,0,0,0,0,0,0,0,0,0,0,0,0,0,0,0,0,0,0,0,0,0,0,0,0,0,0,0,0,0,0,0,0,0,0,0,0,0,0,0,0,0,0,0,0,0,0,0,0,0,0,0,0,0,0,0,0,0,0,0,0,0,0,0,0,0,0,0,0,0,0,0,0,0,43.24324,0,0,0,0,0,0,0,0,0,0,0,44.6275,0,0,0,0,0,0,0,63.33333,0,0,63.2653,0,0,0,0,0,0,0,0,0,0,0,0,0,0,0,0,0,0,0,0,0,0,0,0,0,0,0,0,0,0,0,0,0,0,0,0,17.47572,0,0,0,0,0,0,0,0,0,0,0,0,0,0,0,0,0,0,0,0,0,0,0,0,0,0,0,0,0,0,0,0,0,0,0,0,0,0,0,0,0,100,0,0,0,0,50,0,0,0,0,0,0,0,55.55555,22.58064,0,0,0,0,0,53.97489,0,53.73134,0,0,0,0,0,0,0,72.53044,0,0,0,0,0,0,0,0,0,0,0,0,0,0,25.26315,0,0,0
32,0,0,0,30.43478,0,0,0,0,0,0,0,66.66666,0,0,0,0,0,0,0,0,0,0,0,0,0,0,0,0,0,0,0,0,0,0,0,0,25.45454,0,0,0,0,0,0,0,0,0,0,45.94594,0,0,0,0,0,0,0,0,33.78995,0,0,0,0,0,0,0,0,0,0,0,0,0,28.82352,0,0,0,0,0,0,0,0,0,0,0,0,0,0,0,0,70.58823,0,0,0,0,0,0,0,0,0,0,0,0,0,0,0,0,0,0,0,0,0,0,0,0,0,0,0,0,0,0,0,0,0,0,0,0,0,0,0,0,0,0,0,0,0,0,0,0,0,0,0,0,0,0,0,0,0,0,0,0,0,0,0,0,0,0,0,0,0,0,0,0,0,0,0,0,0,0,0,0,0,0,0,0,0,0,0,0,0,0,0,0,0,0,0,0,0,0,0,0,0,52.7027,0,0,0,0,0,0,0,0,0,0,0,55.73065,0,0,0,0,0,0,0,46.66666,0,0,57.14285,0,0,0,0,0,0,0,0,0,0,0,0,0,0,0,0,0,0,0,0,0,0,0,0,0,0,0,0,0,0,0,0,0,0,0,0,20.14563,0,0,0,0,0,0,0,0,0,0,0,0,0,0,0,0,0,0,0,0,0,0,0,0,0,0,0,0,0,0,0,0,0,0,0,0,0,0,0,0,0,96.26556,0,0,0,0,35,0,0,0,0,0,0,0,0,45.16129,0,0,0,0,0,100,0,32.08955,0,0,0,0,0,0,0,63.59945,0,0,0,0,0,0,0,0,0,0,0,29.41176,0,0,11.57894,0,0,0
33,0,0,19.35483,0,0,0,0,0,0,0,0,0,0,21.05263,0,0,0,0,0,0,0,0,0,0,0,0,0,0,0,0,0,0,0,0,0,0,47.27272,0,0,0,0,0,0,0,0,0,0,69.02286,0,0,0,0,0,0,0,0,36.52968,0,0,0,0,0,0,0,0,0,0,0,0,0,30.58823,0,0,0,0,0,0,0,0,0,0,0,0,0,0,0,0,52.94117,0,0,0,0,0,0,0,0,0,0,0,0,0,0,0,0,0,0,0,0,0,0,0,0,0,0,0,0,0,0,0,0,0,0,0,0,0,0,0,0,0,0,0,0,0,0,0,0,0,0,0,0,0,0,0,0,0,0,0,0,0,0,0,0,0,0,0,0,0,0,0,0,0,0,0,0,0,0,0,0,0,0,0,0,0,0,0,0,0,0,0,0,0,0,0,0,0,0,0,0,0,85.13513,0,0,0,0,0,0,0,0,0,0,0,58.09455,0,0,0,0,0,0,0,23.33333,0,0,67.85714,0,0,0,0,0,0,0,0,0,0,0,0,0,0,0,0,0,0,0,0,0,0,0,0,0,0,0,0,0,0,0,0,0,0,0,0,15.29126,0,0,0,0,0,0,0,0,0,0,0,0,0,0,0,0,0,0,0,0,0,0,0,0,0,0,0,0,0,0,0,0,0,0,0,0,0,0,0,0,0,87.55186,0,0,0,0,30,0,0,0,0,60,0,0,88.88888,22.58064,0,0,0,0,0,53.13807,0,41.79104,0,0,0,0,0,0,0,29.22868,0,0,0,0,0,0,0,0,0,0,0,0,0,0,15.78947,0,0,0
34,0,0,0,0,0,0,0,0,0,0,0,55.55555,0,23.68421,0,0,0,0,0,0,0,0,0,0,0,0,0,0,0,0,0,0,0,0,0,0,29.0909,0,0,0,0,0,0,0,0,0,0,58.00415,0,0,0,0,0,0,0,0,49.31506,0,0,0,0,0,0,0,0,0,0,0,0,0,51.7647,0,0,0,0,0,0,0,0,0,0,0,0,0,0,0,0,0,0,0,0,0,0,0,0,0,0,0,0,0,0,0,0,0,0,0,0,0,0,0,0,0,0,0,0,0,0,0,0,0,0,0,0,0,0,0,0,0,0,0,0,0,0,0,0,0,0,0,0,0,0,0,0,0,0,0,0,0,0,0,0,0,0,0,0,0,0,0,0,0,0,0,0,0,0,0,0,0,0,0,0,0,0,0,0,0,0,0,0,0,0,0,0,0,0,0,0,0,0,81.08108,0,0,0,0,0,0,0,0,0,0,0,55.80229,0,0,0,0,0,0,0,0,0,0,64.28571,0,0,0,0,0,0,0,0,0,0,0,0,0,0,0,0,0,0,0,0,0,0,0,0,0,0,0,0,0,0,0,0,0,0,0,0,20.38834,0,0,0,0,0,0,0,0,0,0,0,0,0,0,0,0,0,0,0,0,0,0,0,0,0,0,0,40,0,0,0,0,0,0,0,0,0,0,0,0,0,70.12448,0,0,0,0,30,0,0,0,0,0,0,0,0,25.80645,0,0,0,0,0,51.46443,0,38.80597,0,0,0,0,0,0,0,23.54533,0,0,0,0,0,0,0,0,0,0,0,0,0,0,22.10526,0,0,0
35,0,0,0,39.13043,0,0,0,0,0,0,0,0,0,23.68421,0,0,0,0,0,0,0,0,83.33333,0,0,0,0,0,0,0,0,0,0,0,0,0,32.72727,0,0,0,0,0,0,0,0,0,0,63.82536,0,0,0,0,0,0,0,0,45.6621,0,0,0,0,0,0,0,0,0,0,0,0,0,48.23529,0,0,0,0,0,0,0,0,0,0,0,35.08771,0,0,0,0,35.29411,0,0,0,0,0,0,0,0,0,0,0,0,0,0,0,0,0,0,0,0,0,0,0,0,0,0,0,0,0,0,0,0,0,0,0,0,0,0,0,0,0,0,0,0,0,0,0,0,0,0,0,0,0,0,0,0,0,0,0,0,0,0,0,0,0,0,0,0,0,0,0,0,0,0,0,0,0,0,0,0,0,0,0,0,0,0,0,0,0,0,0,0,0,0,0,0,0,0,0,0,0,70.27027,0,0,0,0,0,0,0,0,0,0,0,47.27793,0,0,0,0,0,0,0,30,0,0,69.38775,0,0,0,0,0,0,0,0,0,0,0,0,0,0,0,0,0,0,0,0,0,0,0,0,0,0,0,0,0,0,0,0,0,0,0,0,20.38834,0,0,0,100,0,0,0,0,0,0,0,0,0,0,0,0,0,0,0,0,0,0,0,0,0,0,0,0,0,0,0,0,0,0,0,0,0,0,0,0,0,64.31535,0,0,0,0,25,0,0,0,0,0,0,0,55.55555,16.12903,0,0,0,0,0,50.62761,0,38.80597,0,0,0,0,0,0,0,37.75372,0,0,0,0,0,0,0,0,0,0,0,0,0,0,17.89473,0,0,0
36,0,54.54545,0,26.08695,0,0,0,0,0,0,0,100,0,31.57894,0,0,0,0,0,0,0,0,0,0,0,0,0,0,0,0,0,0,0,0,0,0,45.45454,0,0,0,0,0,0,0,0,0,0,62.37006,0,0,0,0,0,0,0,0,41.09589,0,0,0,0,0,0,0,0,0,0,0,0,0,33.52941,0,0,0,0,0,0,0,0,0,0,0,100,0,0,0,0,58.82352,0,0,0,0,0,0,0,0,0,0,0,0,0,0,0,0,0,0,0,0,0,0,0,0,0,0,0,0,0,0,0,0,0,0,0,0,0,0,0,0,0,0,0,0,0,0,0,0,0,0,0,0,0,0,0,0,0,0,0,0,0,0,0,0,0,0,0,0,0,0,0,0,0,0,0,0,0,0,0,0,0,0,0,0,0,0,0,0,0,0,0,0,0,0,0,0,0,0,0,0,0,78.37837,0,0,0,0,0,0,0,0,0,0,0,46.48997,0,0,0,0,0,0,0,53.33333,0,0,65.30612,0,0,0,0,0,0,0,0,0,0,0,0,0,0,0,0,0,0,0,0,0,0,0,0,0,0,0,0,0,0,0,0,0,0,0,0,25.24271,0,0,0,0,0,0,0,0,0,0,0,0,0,0,0,0,0,0,0,0,0,0,0,0,0,0,0,0,0,0,0,0,0,100,0,0,0,0,0,0,0,78.42323,0,0,0,0,0,0,0,0,0,0,0,0,0,0,0,0,0,100,0,52.71966,0,38.80597,0,0,0,0,0,0,0,83.08525,0,0,0,0,0,0,0,0,0,0,0,0,0,0,14.73684,0,0,0
37,0,0,0,0,0,0,0,0,0,0,0,55.55555,0,36.8421,0,0,0,0,0,0,0,0,0,0,0,0,0,0,0,0,0,0,0,0,0,0,56.36363,0,0,0,0,0,0,0,0,0,0,64.44906,0,0,0,0,0,0,0,0,41.09589,0,0,0,0,0,0,0,0,0,0,0,0,0,61.17647,0,0,0,0,0,0,0,0,0,0,0,57.01754,0,0,0,0,35.29411,0,0,0,0,0,0,0,0,0,0,0,0,0,0,0,0,0,0,0,0,0,0,0,0,0,0,0,0,0,0,0,0,0,0,0,0,0,0,0,0,0,0,0,0,0,0,0,0,0,0,0,0,0,0,0,0,0,0,0,0,0,0,0,0,100,0,0,0,0,0,0,0,0,0,0,0,0,0,0,0,0,0,0,0,0,0,0,0,0,0,0,0,0,0,0,0,0,0,0,0,0,43.24324,0,0,0,0,0,0,0,0,0,0,0,67.83667,0,0,0,0,0,0,0,46.66666,0,0,51.0204,0,0,0,0,0,0,0,0,0,0,0,0,0,0,0,0,0,0,0,0,0,0,0,0,0,0,0,0,0,0,0,0,0,0,0,0,22.57281,0,0,0,0,0,0,0,0,0,0,0,0,0,0,0,0,0,0,0,0,0,0,0,0,0,0,0,0,0,0,0,0,0,0,0,0,0,0,0,0,0,81.74273,0,0,0,0,0,0,0,0,0,0,83.33333,0,0,0,0,0,0,0,0,68.20083,0,50,0,0,0,0,0,0,0,80.10825,0,0,0,0,0,0,0,0,0,0,0,0,0,0,13.68421,0,0,0
38,0,0,64.51612,0,0,0,0,0,0,0,0,0,0,18.42105,0,0,0,0,0,0,0,0,0,0,0,0,0,0,0,0,0,0,0,0,0,0,54.54545,0,0,0,0,0,0,0,0,0,0,100,0,0,0,0,0,0,0,0,56.621,0,0,0,0,0,0,0,0,0,0,0,0,0,40.58823,0,0,0,0,0,0,0,0,0,0,0,10.52631,0,0,0,0,70.58823,0,0,0,0,0,0,0,0,0,0,0,0,0,0,0,0,0,0,0,0,0,0,0,0,0,0,0,0,0,0,0,0,0,0,0,0,0,0,0,0,0,0,0,0,0,0,0,0,0,0,0,0,0,0,0,0,0,0,0,0,0,0,0,0,0,0,0,0,0,0,0,0,0,0,0,0,0,0,0,0,0,0,0,0,0,0,0,0,0,0,0,0,0,0,0,0,0,0,0,0,0,48.64864,0,0,0,0,0,0,0,0,0,0,0,53.79656,0,0,0,0,0,0,0,50,0,0,56.63265,0,0,0,0,0,0,0,0,0,0,0,0,0,0,0,0,0,0,0,0,0,0,0,0,0,0,0,0,0,0,0,0,0,0,0,0,23.05825,0,0,0,0,0,0,0,0,0,0,0,0,0,0,0,0,0,0,0,0,0,0,0,0,0,0,0,0,0,0,0,0,0,0,0,0,0,0,0,0,0,77.17842,0,0,0,0,45,0,0,0,0,0,0,0,0,0,0,0,0,0,0,57.74058,0,50.74626,0,0,0,0,0,0,0,74.42489,0,0,0,0,0,0,0,0,0,0,0,0,0,0,16.8421,0,0,0
39,0,0,25.80645,0,0,0,0,0,0,0,0,0,0,0,0,0,0,0,0,0,0,0,0,0,0,0,0,0,0,0,0,0,0,0,0,0,54.54545,0,0,0,0,0,0,0,0,0,0,67.56756,0,0,0,0,0,0,0,0,57.53424,0,0,0,0,0,0,0,0,0,0,0,0,0,40,0,0,0,0,0,0,0,0,0,0,0,14.91228,0,0,0,0,35.29411,0,0,0,0,0,0,0,0,0,0,0,0,0,0,0,0,0,0,0,0,0,0,0,0,0,0,0,0,0,0,0,0,0,0,0,0,0,0,0,0,0,0,0,0,0,0,0,0,0,0,0,0,0,0,0,0,0,0,0,0,0,0,0,0,72.72727,0,0,0,0,0,0,0,0,0,0,0,0,0,0,0,0,0,0,0,0,0,0,0,0,0,0,0,0,0,0,0,0,0,0,0,0,70.27027,0,0,0,0,0,0,0,0,0,0,0,57.59312,0,0,0,0,0,0,0,40,0,0,61.22448,0,0,0,0,0,0,0,0,0,0,0,0,0,0,0,0,0,0,0,0,0,0,0,0,0,0,0,0,0,0,0,0,0,0,0,0,31.55339,0,0,0,0,0,0,0,0,0,0,0,0,0,0,0,0,0,0,0,0,0,0,0,0,0,0,0,33.33333,0,0,0,0,0,0,0,0,0,0,0,0,0,96.68049,0,0,0,0,30,0,0,0,0,0,0,0,0,0,0,0,0,0,0,66.52719,0,47.76119,0,0,0,0,0,0,0,62.65223,0,0,0,0,0,0,0,0,0,0,0,0,0,0,17.89473,0,0,0
40,0,0,0,21.73913,0,0,0,0,0,0,0,0,0,13.15789,0,0,0,0,0,0,0,0,0,0,0,35.71428,0,0,0,0,0,0,0,0,0,0,45.45454,0,0,0,0,0,0,0,0,0,0,54.46985,0,0,0,0,0,0,0,0,45.6621,0,0,0,0,0,0,0,0,0,0,0,0,0,30,0,0,0,0,0,0,0,0,0,0,0,0,0,0,0,0,0,0,0,0,0,0,0,0,0,0,0,0,0,0,0,0,0,0,0,0,0,0,0,0,0,0,0,0,0,0,0,0,0,0,0,0,100,0,0,0,0,0,0,0,0,0,0,0,0,0,0,0,0,0,0,0,0,0,0,0,0,0,0,0,0,0,0,0,0,0,0,0,0,0,0,0,0,0,0,0,0,0,0,0,0,0,0,0,0,0,0,0,0,0,0,0,0,0,0,0,0,0,70.27027,0,0,0,0,0,0,0,0,0,0,0,54.87106,0,0,0,0,0,0,0,33.33333,0,0,73.46938,0,0,0,0,0,0,0,0,0,0,0,0,0,0,0,0,0,0,0,0,0,0,0,0,0,0,0,0,0,0,0,0,0,0,0,0,25.48543,0,0,0,0,0,0,0,0,0,100,0,0,0,0,0,0,0,0,0,0,0,0,0,0,0,0,0,0,0,0,0,0,0,0,0,0,0,0,0,0,0,87.13692,0,0,0,0,55,0,0,0,0,0,0,0,88.88888,0,0,0,0,0,0,55.23012,0,37.31343,0,0,0,0,0,0,0,31.66441,0,0,0,0,0,0,0,0,0,0,0,0,0,0,10.52631,0,0,0
41,0,0,0,0,0,0,0,0,0,0,0,0,0,0,0,0,0,0,0,0,0,0,0,0,0,0,0,0,0,0,0,0,0,0,0,0,49.0909,0,0,0,0,0,0,0,0,0,0,60.91476,0,0,0,0,0,0,0,0,44.74885,0,0,0,0,0,0,0,0,0,0,0,0,0,34.70588,0,0,0,0,0,0,0,0,0,0,0,5.26315,0,0,0,0,0,0,0,0,0,0,0,0,0,0,0,0,0,0,0,0,0,0,0,0,0,0,0,0,0,0,0,0,0,0,0,0,0,0,0,0,0,0,0,0,0,0,0,0,0,0,0,0,0,0,0,0,0,0,0,0,0,0,0,0,0,0,0,0,0,0,0,0,0,0,0,0,0,0,0,0,0,0,0,0,0,0,0,0,0,0,0,0,0,0,0,0,0,0,0,0,0,0,0,0,0,0,83.78378,0,0,0,0,0,0,0,0,0,0,0,51.21776,0,0,0,0,0,0,0,33.33333,0,0,64.28571,0,0,0,0,0,0,0,0,0,0,0,0,0,0,0,0,0,0,0,0,0,0,0,0,0,0,0,0,0,0,0,0,0,30,0,0,28.15533,0,0,0,0,0,0,0,0,0,0,0,0,0,0,0,0,0,0,0,0,0,0,0,0,0,0,0,0,0,0,0,0,0,0,0,0,0,0,0,0,0,80.08298,0,0,0,0,50,0,0,0,0,50,0,0,66.66666,16.12903,0,0,0,0,0,51.46443,0,36.56716,0,0,0,0,0,0,0,31.25845,0,0,0,0,0,0,0,0,0,0,0,0,0,0,7.36842,0,0,0
42,0,0,0,21.73913,0,0,0,0,0,0,0,0,0,13.15789,0,0,0,0,0,0,0,0,0,0,0,50,0,0,0,0,0,0,0,0,0,0,50.90909,0,0,0,0,0,0,0,0,0,0,72.76507,0,0,0,0,0,0,0,0,33.78995,0,0,0,0,0,0,0,0,0,0,0,0,0,21.7647,0,0,0,0,0,0,0,0,0,0,0,0,0,0,0,0,47.05882,0,0,0,0,0,0,0,0,0,0,0,0,0,0,0,0,0,0,0,0,0,0,0,0,0,0,100,0,0,0,0,0,0,0,0,0,0,0,0,0,0,0,0,0,0,0,0,0,0,0,0,0,0,0,0,0,0,0,0,0,0,0,0,0,0,0,0,0,0,0,0,0,0,0,0,0,0,0,0,0,0,0,0,0,0,0,0,0,0,0,0,0,0,0,0,0,0,0,0,0,0,87.83783,0,0,0,0,0,0,0,0,0,0,0,48.99713,0,0,0,0,0,0,0,33.33333,0,0,76.0204,0,0,0,0,0,0,0,0,0,0,0,0,0,0,0,0,0,0,0,0,0,0,0,0,0,0,0,0,0,0,0,0,0,0,0,0,24.51456,0,0,0,0,0,0,0,0,0,0,0,0,0,0,0,0,0,0,0,0,0,0,0,0,0,0,0,0,0,0,0,0,0,0,0,0,0,0,0,0,0,84.6473,0,0,0,0,100,0,0,0,0,0,0,0,77.77777,0,0,0,0,0,0,70.71129,0,46.26865,0,0,0,0,0,0,0,85.11502,0,0,0,0,0,0,0,0,0,0,0,0,0,0,12.63157,0,0,0
43,0,0,0,21.73913,0,0,0,0,0,0,0,55.55555,0,26.31578,0,0,0,0,0,0,0,0,0,77.77777,0,0,0,0,0,0,0,0,0,0,0,0,67.27272,0,0,0,0,0,0,0,0,0,0,72.34927,0,0,0,0,0,0,0,0,37.89954,0,0,0,0,0,0,0,0,0,0,0,0,0,23.52941,0,0,0,0,0,0,0,0,0,0,0,0,0,0,0,0,64.70588,0,0,0,0,0,0,0,0,0,0,0,0,0,0,0,0,0,0,0,0,0,0,0,0,0,0,0,0,0,0,0,0,0,0,0,0,0,0,0,0,0,0,0,0,0,0,0,0,0,54.54545,0,0,0,0,0,0,0,0,0,0,0,0,0,0,0,0,0,0,0,0,0,0,0,0,0,0,0,0,0,0,0,0,0,0,0,0,0,0,0,0,0,0,0,0,0,0,0,0,0,0,0,70.27027,0,0,0,0,0,0,0,0,0,0,0,33.59598,0,0,0,0,0,0,0,46.66666,0,0,62.24489,0,0,0,0,0,0,0,0,0,0,0,0,0,0,0,0,0,0,0,0,0,0,0,0,0,0,0,0,0,0,0,0,0,0,0,0,12.62135,0,0,0,0,0,0,0,0,0,0,0,0,0,0,0,0,0,0,0,0,0,0,0,0,0,0,0,0,0,0,0,0,0,0,0,0,0,0,0,0,0,88.79668,0,0,0,0,80,0,0,0,0,0,0,0,0,0,0,0,0,0,0,70.29288,0,49.25373,0,0,0,0,0,0,0,81.73207,0,0,0,0,0,0,0,0,0,0,0,0,0,0,21.05263,0,0,0
44,0,0,0,0,0,0,0,0,0,0,0,77.77777,0,0,0,0,0,0,0,0,0,0,0,0,0,0,0,0,0,0,0,0,0,0,0,0,52.72727,0,0,0,0,0,0,0,0,0,0,77.54677,0,0,0,0,0,0,0,0,50.22831,0,0,0,0,0,0,0,0,0,0,0,0,0,24.70588,0,0,0,0,0,0,0,0,0,0,0,7.89473,0,0,0,0,70.58823,0,0,0,0,0,0,0,0,0,0,0,0,0,0,0,0,0,0,0,0,0,0,0,0,0,0,75,0,0,0,0,0,0,0,0,0,0,0,0,0,0,0,0,0,0,0,0,0,0,0,0,0,0,0,0,0,0,0,0,0,0,0,0,0,45.45454,0,0,0,0,0,0,0,0,0,0,0,0,0,0,0,0,0,0,0,0,0,0,0,0,0,0,0,0,0,0,0,0,0,0,0,0,70.27027,0,0,0,0,0,0,0,0,0,0,0,33.09455,0,0,0,0,0,0,0,46.66666,0,0,51.53061,0,0,0,0,0,0,0,0,0,0,0,0,0,0,0,0,0,0,0,0,0,0,0,0,0,0,0,0,0,0,0,0,0,0,0,0,17.71844,0,0,0,0,0,0,0,0,0,0,0,0,0,0,0,0,0,0,0,0,0,0,0,0,0,0,0,0,0,0,0,0,0,0,0,0,0,0,0,0,0,85.47717,0,0,0,0,55,0,0,0,0,0,0,0,88.88888,16.12903,0,0,0,0,0,62.7615,0,53.73134,0,0,0,0,0,0,0,84.9797,0,0,0,0,0,0,0,0,0,0,0,0,0,0,17.89473,0,0,0
45,0,0,0,0,0,0,0,0,0,0,0,0,0,0,0,0,0,0,0,0,0,0,0,0,0,35.71428,0,0,0,0,0,0,0,0,0,0,25.45454,0,0,0,0,0,0,0,0,0,0,72.55717,0,0,0,0,0,0,0,0,52.51141,0,0,0,0,0,0,0,0,0,0,0,0,0,25.29411,0,0,0,0,0,0,0,0,0,0,0,7.01754,0,0,0,0,41.17647,0,0,0,0,0,0,0,0,0,0,0,0,0,0,0,0,0,0,0,0,0,0,0,0,0,0,0,0,0,0,0,0,0,0,0,0,0,0,0,0,0,0,0,0,0,0,0,0,0,0,0,0,0,0,0,0,0,0,0,0,0,0,0,0,0,0,0,0,0,0,0,0,0,0,0,0,0,0,0,0,0,0,0,0,0,0,0,0,0,0,0,0,0,0,0,0,0,0,0,0,0,35.13513,0,0,0,0,0,0,0,0,0,0,0,52.93696,0,0,0,0,0,0,0,56.66666,0,0,55.61224,0,0,0,0,0,0,0,0,0,0,0,0,0,0,0,0,0,0,0,0,0,0,0,0,0,0,0,0,0,0,0,0,0,0,0,0,13.59223,0,0,0,0,0,0,0,0,0,0,0,0,0,0,0,0,0,0,0,0,0,0,0,0,0,0,0,0,0,0,0,0,0,0,0,0,0,0,0,0,0,90.04149,0,0,0,0,60,0,0,0,0,0,0,0,88.88888,0,0,0,0,0,0,59.41422,0,54.47761,0,0,0,0,0,0,83.33333,74.96617,0,0,0,0,0,0,0,0,0,0,0,0,0,0,13.68421,0,0,0
46,0,0,16.12903,0,0,0,0,0,0,0,0,0,0,0,0,0,0,0,0,0,0,0,0,55.55555,0,0,0,0,0,0,0,0,0,0,0,0,23.63636,0,0,0,0,0,0,0,0,0,0,62.78586,0,0,0,0,0,0,0,0,43.83561,0,0,0,0,0,0,0,0,0,0,0,0,0,53.52941,0,0,0,0,0,0,0,0,0,0,0,12.2807,0,0,0,0,52.94117,0,0,0,0,0,0,0,0,0,0,0,0,0,0,0,0,0,0,0,0,0,0,0,0,0,0,0,0,0,0,0,0,0,0,0,0,0,0,0,0,0,0,0,0,0,0,0,0,0,0,0,0,0,0,0,0,0,0,0,0,0,0,0,0,0,0,0,0,0,0,0,0,0,0,0,0,0,0,0,0,0,0,0,0,0,0,0,0,0,0,0,0,0,0,0,0,0,0,0,0,0,95.94594,0,0,0,0,0,0,0,0,0,0,0,53.29512,0,0,0,0,0,0,0,33.33333,0,0,63.2653,0,0,0,0,0,0,0,0,0,0,0,0,0,0,0,0,0,0,0,0,0,0,0,0,0,0,0,0,0,0,0,0,0,0,0,0,18.93203,0,0,0,0,0,0,0,0,0,0,0,0,0,0,0,0,0,0,0,0,0,0,0,0,0,0,0,0,0,0,0,0,0,0,0,0,0,0,0,0,0,78.00829,0,0,0,0,75,0,0,0,0,0,0,0,0,0,0,0,0,0,0,65.69037,0,52.2388,0,0,0,0,0,0,0,70.36535,0,0,0,0,0,0,0,0,0,0,0,0,0,0,14.73684,0,0,0
47,0,0,0,0,0,0,0,0,0,0,0,0,0,0,0,0,0,0,0,0,0,0,0,0,0,42.85714,0,0,0,0,0,0,0,0,0,0,34.54545,0,0,0,0,0,0,0,0,0,0,55.50935,0,0,0,0,0,0,0,0,46.11872,0,0,0,0,0,0,0,0,0,0,0,0,0,100,0,0,0,0,0,0,0,0,0,0,0,6.14035,0,0,0,0,0,0,0,0,0,0,0,0,0,0,0,0,0,0,0,0,0,0,0,0,0,0,0,0,0,0,0,0,0,0,0,0,0,0,0,0,0,0,0,0,0,0,0,0,0,0,0,0,0,0,54.54545,0,0,0,0,0,0,0,0,0,0,0,0,0,0,63.63636,0,0,0,0,0,0,0,0,0,0,0,0,0,0,0,0,0,0,0,0,0,0,0,0,0,0,0,0,0,0,0,0,0,0,0,0,72.97297,0,0,0,0,0,0,0,0,0,0,0,51.14613,0,0,0,0,0,0,0,56.66666,0,0,65.81632,0,0,0,0,0,0,0,0,0,0,0,0,0,0,0,0,0,0,0,0,0,0,0,0,0,0,0,0,0,0,0,0,0,0,0,0,16.74757,0,0,0,0,0,0,0,0,0,0,0,0,0,0,0,0,0,0,0,0,0,0,0,0,0,0,0,0,0,0,0,0,0,0,0,0,0,0,0,0,0,76.76348,0,0,0,0,65,0,0,0,0,0,0,0,100,0,0,0,0,0,0,56.06694,0,29.85074,0,0,0,0,0,0,0,33.1529,0,0,0,0,0,0,0,0,0,0,0,0,0,0,34.73684,0,0,0
48,0,0,0,0,0,0,0,0,0,0,0,0,0,13.15789,0,0,0,0,0,0,0,0,0,0,0,0,0,0,0,0,0,0,0,0,0,0,27.27272,0,0,0,0,0,0,0,0,0,0,60.49896,0,0,0,0,0,0,0,0,45.20547,0,0,0,0,0,0,0,0,0,0,0,0,0,50,0,0,0,0,0,0,0,0,0,0,0,0,0,0,0,0,41.17647,0,0,0,0,0,0,0,0,0,0,0,0,0,0,0,0,0,0,0,0,0,0,0,0,0,0,0,0,0,0,0,0,0,0,0,0,0,0,0,0,0,0,0,0,0,0,0,0,0,0,0,0,0,0,0,0,0,0,0,0,0,0,0,0,45.45454,0,0,0,0,0,0,0,0,0,0,0,0,0,0,0,0,0,0,0,0,0,0,0,0,0,0,0,0,0,0,0,0,0,0,0,0,56.75675,0,0,0,0,0,0,0,0,0,0,0,52.36389,0,0,0,0,0,0,0,50,0,0,71.93877,0,0,0,0,0,0,0,0,0,0,0,0,0,0,0,0,0,0,0,0,0,0,0,0,0,0,0,0,0,0,0,0,0,0,0,0,15.29126,0,0,0,0,0,0,0,0,0,0,0,0,0,0,0,0,0,0,0,0,0,0,0,0,0,0,0,0,0,0,0,0,0,0,0,0,0,0,0,0,0,67.63485,0,0,0,0,45,0,0,0,0,0,0,0,88.88888,0,0,0,0,0,0,59.41422,0,23.88059,0,0,0,0,0,0,0,32.07036,0,0,0,0,0,0,0,0,0,0,0,0,0,0,12.63157,0,0,0
49,0,0,0,0,0,0,0,0,0,0,0,77.77777,0,15.78947,0,0,0,0,0,0,0,0,0,0,0,0,0,0,0,0,0,0,0,0,0,0,20,0,0,0,0,0,0,0,0,0,0,68.39916,0,0,0,0,0,0,0,0,44.29223,0,0,0,0,0,0,0,0,0,0,0,0,0,37.64705,0,0,0,0,0,0,0,0,0,0,0,9.64912,0,0,0,0,0,0,0,0,0,0,0,0,0,0,0,0,0,0,0,0,0,0,0,0,0,0,0,0,0,0,0,0,0,0,0,0,0,0,0,0,0,0,0,0,0,0,0,0,0,0,0,0,0,0,0,0,0,0,0,0,0,0,0,0,0,0,0,0,0,0,0,0,0,0,0,0,0,0,0,0,0,0,0,0,0,0,0,0,0,0,0,0,0,0,0,0,0,0,0,0,0,0,0,0,0,0,44.59459,0,0,0,0,0,0,0,0,0,0,0,49.21203,0,0,0,0,0,0,0,70,0,0,61.22448,0,0,0,0,0,0,0,0,0,0,0,0,0,0,0,60,0,0,0,0,0,0,0,0,0,0,0,0,0,0,0,0,0,0,0,0,19.17475,0,0,0,0,0,0,0,0,0,0,0,0,0,0,0,0,0,0,0,0,0,0,0,0,0,0,0,0,0,0,0,0,0,0,0,0,0,0,0,0,0,78.42323,0,0,0,0,70,0,0,0,0,0,0,0,0,0,0,0,0,0,0,73.22175,0,35.82089,0,0,0,0,0,0,0,85.65629,0,0,0,0,0,0,0,0,0,0,0,0,0,0,25.26315,0,0,0
50,0,0,0,0,0,0,0,0,0,0,0,0,0,21.05263,0,0,0,0,0,0,0,0,0,77.77777,0,0,0,0,0,0,0,0,0,0,0,0,30.90909,0,0,0,0,0,0,0,0,0,0,56.54885,0,0,0,0,0,0,0,0,36.07305,0,0,0,0,0,0,0,0,0,0,0,0,0,26.47058,0,0,0,0,0,0,0,0,0,0,0,15.78947,0,0,0,0,35.29411,0,0,0,0,0,0,0,0,0,0,0,0,0,0,0,0,0,0,0,0,0,0,0,0,0,0,0,0,0,0,0,0,0,0,0,0,0,0,0,0,0,0,0,0,0,0,0,0,0,0,0,0,0,0,0,0,0,0,0,0,0,0,0,0,0,0,0,0,0,0,0,0,0,0,0,0,0,0,0,0,0,0,0,0,0,0,0,0,0,0,0,0,0,0,0,0,0,0,0,0,0,56.75675,0,0,0,0,0,0,0,0,0,0,0,32.87965,0,0,0,0,0,0,0,63.33333,0,0,59.18367,0,0,0,0,0,0,0,0,0,0,0,0,0,0,0,0,0,0,0,0,0,0,0,0,0,0,0,0,0,0,0,0,0,0,0,0,9.95145,0,0,0,0,0,0,0,0,0,0,0,0,0,0,0,0,0,0,0,0,0,0,0,0,0,0,0,0,0,0,0,0,0,0,0,0,0,0,0,0,0,85.06224,0,0,0,0,30,0,0,0,0,0,0,0,55.55555,19.35483,0,0,0,0,0,57.32217,0,43.28358,0,0,0,0,0,0,0,83.35588,0,0,0,0,0,0,0,0,0,0,0,0,0,0,10.52631,0,0,0
51,0,0,0,0,0,0,0,0,0,0,0,0,0,0,0,0,0,0,0,0,0,0,0,55.55555,0,0,0,0,0,0,0,0,0,0,0,0,50.90909,0,0,0,0,0,0,0,0,0,0,79.00207,0,0,0,0,0,0,0,0,44.29223,0,0,0,0,0,0,0,0,0,0,0,0,0,30,0,0,0,0,0,0,0,0,0,0,0,4.38596,0,0,0,0,29.41176,0,0,0,0,0,0,0,0,0,0,0,0,0,0,0,0,0,0,0,0,0,0,0,0,0,0,0,0,0,0,0,0,0,0,0,0,0,0,0,0,0,0,0,0,0,0,0,0,0,0,0,0,0,0,0,0,0,0,0,0,0,0,0,0,0,0,0,0,0,0,0,0,0,0,0,0,0,0,0,0,0,0,0,0,0,0,0,0,0,0,0,0,0,0,0,0,0,0,0,0,0,27.02702,0,0,0,0,0,0,0,0,0,0,0,38.68194,0,0,0,0,0,0,0,40,0,0,54.08163,0,0,0,0,0,0,0,0,0,0,0,0,0,0,0,0,0,0,0,0,0,0,0,0,0,0,0,0,0,0,0,0,0,0,0,0,10.19417,0,0,0,0,0,0,0,0,0,0,0,0,0,0,0,0,0,0,0,0,0,0,0,0,0,0,0,0,0,0,0,0,0,0,0,0,0,0,0,0,0,86.30705,0,0,0,0,40,0,0,0,0,0,0,0,0,16.12903,0,0,0,0,0,61.50627,0,55.97014,0,0,0,0,0,0,0,84.03247,0,0,0,0,0,0,0,0,0,0,0,0,0,0,13.68421,0,0,0
52,0,0,0,26.08695,0,0,0,0,0,0,0,0,0,0,0,0,0,0,0,0,0,0,0,0,0,0,0,0,0,0,0,0,0,0,0,0,38.18181,0,0,0,0,0,0,0,0,0,0,75.25987,0,0,0,0,0,0,0,0,40.63926,0,0,0,0,0,0,0,0,0,0,0,0,0,37.64705,0,75,0,0,0,0,0,0,0,0,0,4.38596,0,0,0,0,58.82352,0,0,0,0,0,0,0,0,0,0,0,0,0,0,0,0,0,0,0,0,0,0,0,0,0,0,0,0,0,0,0,0,0,0,0,0,0,0,0,0,0,0,0,0,0,0,0,0,0,0,0,0,0,0,0,0,0,0,0,0,0,0,0,0,0,0,0,0,0,0,0,0,0,0,0,0,0,0,0,0,0,0,0,0,0,0,0,0,0,0,0,0,0,0,0,0,0,0,0,0,0,37.83783,0,0,0,0,0,0,0,0,0,0,0,51.14613,0,0,0,0,0,0,0,56.66666,0,0,74.48979,0,0,0,0,0,0,0,0,0,0,0,0,0,0,0,0,0,0,0,0,0,0,0,0,0,0,0,0,0,0,0,0,0,0,0,0,16.01941,0,0,0,0,0,0,0,0,0,0,0,0,0,0,0,0,0,0,0,0,0,0,0,0,0,0,0,0,0,0,0,0,0,0,0,0,0,0,0,0,0,85.89211,0,0,0,0,35,0,0,0,0,0,0,0,0,0,0,0,0,0,0,60.25104,0,52.98507,0,0,0,0,0,0,0,76.18403,0,0,0,0,0,0,0,0,0,0,0,0,0,0,11.57894,0,0,0
53,0,0,19.35483,0,0,0,0,0,0,0,0,0,0,21.05263,0,0,0,0,0,0,0,0,100,55.55555,0,0,0,0,0,0,0,0,0,0,0,0,45.45454,0,0,0,0,0,0,0,0,0,0,59.04365,0,0,0,0,0,0,0,0,53.88127,0,0,0,0,0,0,0,0,0,0,0,0,0,34.70588,0,100,0,0,0,0,0,0,0,0,0,0,0,0,0,0,29.41176,0,0,0,0,0,0,0,0,0,0,0,0,0,0,0,0,0,0,0,0,0,0,0,0,0,0,0,0,0,0,0,0,0,0,0,0,0,0,0,0,0,0,0,0,0,0,0,0,0,0,0,0,0,0,0,0,0,0,0,0,0,0,0,0,0,0,0,0,0,0,0,0,0,0,0,0,0,0,0,0,0,0,0,0,0,0,0,0,0,0,0,0,0,0,0,0,0,0,0,0,0,51.35135,0,0,0,0,0,0,0,0,0,0,0,58.45272,0,0,0,0,0,0,0,23.33333,0,0,100,0,0,0,0,0,0,0,0,0,0,0,0,0,0,0,0,0,0,0,0,0,0,0,0,0,0,0,0,0,0,0,0,0,0,0,0,26.94174,0,0,0,0,0,0,0,0,0,0,0,0,0,0,0,42.85714,0,0,0,0,0,0,0,0,0,0,0,0,0,0,0,0,0,0,0,0,0,0,0,0,0,86.30705,0,0,0,0,0,0,0,0,0,0,0,0,55.55555,0,0,0,0,0,0,65.27196,0,44.77611,0,0,0,0,0,0,0,68.4709,0,0,0,0,0,0,0,0,0,0,0,0,0,0,20,0,0,0
54,0,0,0,26.08695,0,0,0,0,0,0,0,0,0,0,0,0,0,0,0,0,0,0,0,0,0,42.85714,0,0,0,0,0,0,0,0,0,0,12.72727,0,0,0,0,0,0,0,0,0,0,62.78586,0,0,0,0,0,0,0,0,60.73059,0,0,0,0,0,0,0,0,0,0,0,0,0,58.82352,0,75,0,0,0,0,0,0,0,0,0,0,0,0,0,0,35.29411,0,0,0,0,0,0,0,0,0,0,0,0,0,0,0,0,0,0,0,0,0,0,0,0,0,0,0,87.5,0,0,0,0,0,0,0,0,0,0,0,0,0,0,0,0,0,0,0,0,0,0,0,0,0,0,0,0,0,0,0,0,0,0,0,0,0,0,0,0,0,0,0,0,0,0,0,0,0,0,100,0,0,0,0,0,0,0,0,0,0,0,0,0,0,0,0,0,0,0,0,0,0,41.89189,0,0,0,0,0,0,0,0,0,0,0,52.22063,0,0,0,0,0,0,0,90,0,0,75,0,0,0,0,0,0,0,0,0,0,0,0,0,0,0,0,0,0,0,0,0,0,0,0,0,0,0,0,0,0,0,0,0,0,0,0,34.70873,0,0,0,0,0,0,0,0,0,0,0,0,0,0,0,100,0,0,0,0,0,0,0,0,0,0,0,0,0,0,0,0,0,0,0,0,0,0,0,0,0,62.6556,0,0,0,0,25,0,0,0,0,0,0,0,0,0,0,0,0,0,0,65.27196,0,24.62686,0,0,0,0,0,0,0,37.6184,0,0,0,0,0,0,0,0,0,0,0,0,0,0,15.78947,0,0,0
55,0,0,0,0,0,0,0,0,0,0,0,0,0,15.78947,0,0,0,0,0,0,0,0,0,0,0,100,0,0,0,0,0,0,0,0,0,0,23.63636,0,0,0,0,0,0,0,0,0,0,54.26195,0,0,0,0,0,0,0,0,48.40182,0,0,0,0,0,0,0,0,0,0,0,0,0,35.88235,0,0,0,0,0,0,0,0,0,0,0,0,0,0,0,0,41.17647,0,0,0,0,0,0,0,0,0,0,0,0,0,0,0,0,0,0,0,0,0,0,0,0,0,0,0,62.5,0,0,0,0,0,0,0,0,0,0,0,0,0,0,0,0,0,0,0,0,0,0,0,0,0,0,0,0,0,0,0,0,0,0,0,0,0,0,0,0,0,0,0,0,0,0,0,0,0,0,0,0,0,0,0,0,0,0,0,0,0,0,0,0,0,0,0,0,0,0,0,0,0,66.21621,0,0,0,0,0,0,0,0,0,0,0,48.78223,0,0,0,0,0,0,0,23.33333,0,0,63.77551,0,0,0,0,0,0,0,0,0,0,0,0,0,0,0,0,0,0,0,0,0,0,0,0,0,0,0,0,0,0,0,0,0,0,0,0,39.32038,0,0,0,0,0,0,0,0,0,0,0,0,0,0,0,0,0,0,0,0,0,0,0,0,0,0,0,0,0,0,0,0,0,0,0,0,0,0,0,0,0,43.9834,0,0,0,0,0,0,0,0,0,0,0,0,0,0,0,0,0,0,0,79.4979,0,34.32835,0,0,0,0,0,0,0,34.37077,0,0,0,0,0,0,0,0,0,0,0,0,0,0,9.47368,0,0,0
56,0,0,0,0,0,0,0,0,0,0,0,0,0,0,0,0,0,0,0,0,0,0,0,0,0,0,0,0,0,0,0,0,0,0,0,0,34.54545,0,0,0,0,0,0,0,0,0,0,60.29106,0,0,0,0,0,0,0,0,42.00913,0,0,0,0,0,0,0,0,0,0,0,0,0,22.94117,0,0,0,0,0,0,0,0,0,0,0,5.26315,0,0,0,0,0,0,0,0,0,0,0,0,0,0,0,0,0,0,0,0,0,0,0,0,0,0,0,0,0,0,0,0,0,0,0,0,0,0,0,0,0,0,0,0,0,0,0,0,0,0,0,0,0,0,0,0,0,0,0,0,0,0,0,0,0,0,0,0,0,0,0,0,0,0,0,0,0,0,0,0,0,0,0,0,0,0,0,0,0,0,0,0,0,0,0,0,0,0,0,0,0,0,0,0,0,0,59.45945,0,0,0,0,0,0,0,0,0,0,0,43.1232,0,0,0,0,0,0,0,33.33333,0,0,54.59183,0,0,0,0,0,0,0,0,0,0,0,0,0,0,0,0,0,0,0,0,0,0,0,0,0,0,0,0,0,0,0,0,0,0,0,0,54.12621,0,0,0,0,0,0,0,0,0,0,0,0,0,0,0,0,0,0,0,0,0,0,0,0,0,0,0,0,0,0,0,0,0,0,0,0,0,0,0,0,0,51.03734,0,0,0,0,0,0,0,0,0,0,0,0,55.55555,25.80645,0,0,0,0,0,71.54811,0,38.0597,0,0,0,0,0,0,0,76.99594,0,0,0,0,0,0,0,0,0,0,0,0,0,0,11.57894,0,0,0
57,0,0,0,0,0,0,0,0,0,0,0,0,0,34.21052,0,0,0,0,0,0,0,0,0,0,0,0,0,0,0,0,0,0,0,0,0,0,52.72727,0,0,0,0,0,0,0,0,0,0,55.09355,0,0,0,0,0,0,0,0,37.44292,0,0,0,0,0,0,0,0,0,0,0,0,0,21.17647,0,87.5,0,0,0,0,0,0,0,0,0,0,0,0,0,0,0,0,0,0,0,0,0,0,0,0,0,0,0,0,0,0,0,0,0,0,0,0,0,0,0,0,0,0,0,0,0,0,0,0,0,0,0,0,0,0,0,0,0,0,0,0,0,0,0,0,0,0,0,0,0,0,0,0,0,0,0,0,0,0,0,0,0,0,0,0,0,0,0,0,0,0,0,0,0,0,0,0,0,0,0,0,0,0,0,0,0,0,0,0,0,0,83.33333,0,0,0,0,0,45.94594,0,0,0,0,0,0,0,0,0,0,0,31.23209,0,0,0,0,0,0,0,73.33333,0,0,61.22448,0,0,0,0,0,0,0,0,0,0,0,0,0,0,0,0,0,0,0,0,0,0,0,0,0,0,0,0,0,0,0,0,0,0,0,0,41.50485,0,0,0,0,0,0,0,0,0,0,0,0,0,0,0,0,0,0,0,0,0,0,0,0,0,0,0,0,0,100,0,0,0,0,0,0,0,0,0,0,0,62.24066,0,0,0,0,0,0,0,0,0,0,0,0,77.77777,0,0,0,0,0,0,96.2343,0,41.79104,0,0,0,0,0,0,0,81.46143,0,0,0,0,0,0,0,0,0,0,0,0,0,0,10.52631,0,0,0
58,0,0,0,0,0,0,0,0,0,0,0,0,0,15.78947,0,0,0,0,0,0,0,0,0,0,0,42.85714,0,0,0,0,0,0,0,0,0,0,23.63636,0,0,0,0,0,0,0,0,0,0,59.87525,0,0,0,0,0,0,0,0,41.55251,0,0,0,0,0,0,0,0,0,0,0,0,0,20.58823,0,87.5,0,0,0,0,0,0,0,0,0,15.78947,0,0,0,0,35.29411,0,0,0,0,0,0,0,0,0,0,0,0,0,0,0,0,0,0,0,0,0,0,0,0,0,0,0,87.5,0,0,0,0,0,0,0,0,0,0,0,0,0,0,0,0,0,0,0,0,0,0,0,0,0,0,0,0,0,0,0,0,0,100,0,0,0,0,0,0,0,0,0,0,0,0,0,0,0,0,0,0,0,0,0,0,0,0,0,0,0,0,0,0,0,0,0,100,0,0,0,0,0,48.64864,0,0,0,0,0,0,0,0,0,0,0,32.80802,0,0,0,0,0,0,0,73.33333,0,0,60.20408,0,0,0,0,0,0,0,0,0,0,0,0,0,0,0,0,0,0,0,0,0,0,0,0,0,0,0,0,0,0,0,0,0,0,0,0,25.48543,0,0,0,0,0,0,0,0,0,0,0,0,0,0,0,42.85714,0,0,0,0,0,0,0,0,0,0,0,0,0,0,0,0,0,0,0,0,0,0,0,0,0,74.68879,0,0,0,0,0,0,0,0,0,0,0,0,0,16.12903,0,0,0,0,0,87.8661,0,32.08955,0,0,0,0,0,0,0,79.56698,0,0,0,0,0,0,0,0,0,0,0,0,0,0,10.52631,0,0,0
59,0,0,0,0,0,0,0,0,0,0,0,0,0,0,0,0,0,0,0,0,0,0,0,55.55555,0,35.71428,0,0,0,0,0,0,0,0,0,0,27.27272,0,0,0,0,0,0,0,0,0,0,55.09355,0,0,0,0,0,0,0,0,59.36073,0,0,0,0,0,0,0,0,0,0,0,0,0,21.7647,0,75,0,0,0,0,0,0,0,0,0,4.38596,0,0,0,0,29.41176,0,0,0,0,0,0,0,0,0,0,0,0,0,0,0,0,0,0,0,0,0,0,0,0,0,0,0,0,0,0,0,0,0,0,0,0,0,0,0,0,0,0,0,0,0,0,0,0,0,54.54545,0,0,0,0,0,0,0,0,0,0,0,0,0,0,0,0,0,0,0,0,0,0,0,0,0,0,0,0,0,0,0,0,0,0,0,0,0,0,0,0,0,0,0,0,0,0,0,0,0,0,0,33.78378,0,0,0,0,0,0,0,0,0,0,0,46.06017,0,0,0,0,0,0,0,33.33333,0,0,65.81632,0,0,0,0,0,0,0,0,0,0,0,0,0,0,0,50,0,0,0,0,0,0,0,0,0,0,0,0,0,0,0,0,0,0,0,0,27.91262,0,0,0,0,0,0,0,0,0,0,0,0,0,0,0,0,0,0,0,0,0,0,0,0,0,0,0,0,0,0,0,0,0,0,0,0,0,0,0,0,0,70.95435,0,0,0,0,40,0,0,0,0,0,0,0,0,0,0,0,0,0,0,75.3138,0,40.2985,0,0,0,0,0,0,0,80.24357,0,0,0,0,0,0,0,0,0,0,0,0,0,0,7.36842,0,0,0
60,0,0,0,0,0,0,0,0,0,0,0,0,0,26.31578,0,0,0,0,0,0,0,0,0,0,0,0,0,0,0,0,0,0,0,0,0,0,27.27272,0,0,0,0,0,0,0,0,0,0,52.18295,0,0,0,0,0,0,0,0,50.68493,0,0,0,0,0,0,0,0,0,0,0,0,0,18.82352,0,0,0,0,0,0,0,0,0,0,0,4.38596,0,0,0,0,52.94117,0,0,0,0,0,0,0,0,0,0,0,0,0,0,0,0,0,0,0,0,0,0,0,0,0,0,0,0,0,0,0,0,0,0,0,0,0,0,0,0,0,0,0,0,0,0,0,0,0,0,0,0,0,0,0,0,0,0,0,0,0,0,0,0,45.45454,0,0,0,0,0,0,0,0,0,0,0,0,0,0,0,0,0,0,0,0,0,0,0,0,0,0,0,0,0,0,0,0,0,0,0,0,71.62162,0,0,0,0,0,0,0,0,0,0,0,44.77077,0,0,0,0,0,0,0,60,0,0,67.85714,0,0,0,0,0,0,0,0,0,0,0,0,0,0,0,0,0,0,0,0,0,0,0,0,0,0,0,0,0,0,0,0,0,0,0,0,39.5631,0,0,0,0,0,0,0,0,0,0,0,0,0,0,0,57.14285,0,0,0,0,0,0,0,0,0,0,0,0,0,0,0,0,0,0,0,0,0,0,0,0,0,54.35684,0,0,0,0,35,0,0,0,0,0,0,0,66.66666,0,0,0,0,0,0,94.97907,0,40.2985,0,0,0,0,0,0,0,63.87009,0,0,0,0,0,0,0,0,0,0,0,0,0,0,11.57894,0,0,0
